VendorID,lpep_pickup_datetime,Lpep_dropoff_datetime,Store_and_fwd_flag,RateCodeID,Pickup_longitude,Pickup_latitude,Dropoff_longitude,Dropoff_latitude,Passenger_count,Trip_distance,Fare_amount,Extra,MTA_tax,Tip_amount,Tolls_amount,Ehail_fee,improvement_surcharge,Total_amount,Payment_type,Trip_type 
2,5/1/2015 0:01,5/1/2015 0:06,N,1,-73.95561981,40.68075562,-73.9614563,40.6661377,1,1.18,6,0.5,0.5,0,0,,0.3,7.3,2,1
2,5/1/2015 0:01,5/1/2015 0:03,N,1,-73.99147034,40.69169617,-73.99252319,40.68940735,1,0.17,3.5,0.5,0.5,0,0,,0.3,4.8,2,1
2,5/1/2015 0:01,5/1/2015 0:09,N,1,-73.83067322,40.759552,-73.86244965,40.75383759,1,2.36,9.5,0.5,0.5,0,0,,0.3,10.8,2,1
2,5/1/2015 0:01,5/1/2015 0:05,N,1,-73.94764709,40.68760681,-73.94625092,40.69511795,1,0.75,5,0.5,0.5,0,0,,0.3,6.3,1,1
2,5/1/2015 0:01,5/1/2015 0:07,N,1,-73.94487762,40.8085289,-73.93679047,40.81244659,1,0.7,5,0.5,0.5,0,0,,0.3,6.3,1,1
2,5/1/2015 0:01,5/1/2015 0:08,N,1,-73.95250702,40.81087875,-73.9464798,40.82652664,1,1.42,7.5,0.5,0.5,0,0,,0.3,8.8,2,1
2,5/1/2015 0:01,5/1/2015 0:52,N,1,-73.91757202,40.82391357,-73.97137451,40.685112,5,16.07,51.5,0.5,0.5,0,0,,0.3,52.8,2,1
2,5/1/2015 0:02,5/1/2015 0:07,N,1,-73.95436859,40.82083511,-73.94152832,40.83332062,1,1.19,6.5,0.5,0.5,0,0,,0.3,7.8,2,1
2,5/1/2015 0:02,5/1/2015 0:08,N,1,-73.94947815,40.71453857,-73.94498444,40.70777893,1,0.9,6,0.5,0.5,0,0,,0.3,7.3,2,1
2,5/1/2015 0:01,5/1/2015 0:11,N,1,-73.92160034,40.74377441,-73.92271423,40.76404953,3,1.92,9,0,0.5,1.96,0,,0.3,11.76,1,1
2,5/1/2015 0:01,5/1/2015 0:19,N,1,-73.95684052,40.71666336,-74.0055542,40.72213745,1,3.41,15,0.5,0.5,3.26,0,,0.3,19.56,1,1
2,5/1/2015 0:01,5/1/2015 0:23,N,1,-73.95733643,40.7181778,-74.00204468,40.72791672,4,3.59,17.5,0.5,0.5,0,0,,0.3,18.8,2,1
2,5/1/2015 0:02,5/1/2015 0:26,N,1,-73.96353912,40.710186,-73.96128082,40.64728546,1,5.31,20.5,0.5,0.5,4.36,0,,0.3,26.16,1,1
1,5/1/2015 0:01,5/1/2015 0:02,N,5,-73.92694855,40.8598938,-73.92538452,40.8610611,1,0.1,0,0,0,0,0,,0,0,2,2
1,5/1/2015 0:01,5/1/2015 0:12,N,1,-73.95245361,40.7897377,-73.98278046,40.77598572,1,2.8,11,0.5,0.5,1,0,,0.3,13.3,1,1
2,5/1/2015 0:02,5/1/2015 0:02,N,5,-73.95606232,40.81296158,-73.95606232,40.81293869,1,0,20,0,0,0,0,,0,20,1,2
2,5/1/2015 0:03,5/1/2015 0:05,N,1,-73.95149994,40.8118782,-73.94418335,40.81641006,1,0.63,4,0.5,0.5,0,0,,0.3,5.3,2,1
2,5/1/2015 0:02,5/1/2015 0:06,N,1,-73.96198273,40.8055687,-73.96361542,40.81004333,5,0.76,4.5,0.5,0.5,1.16,0,,0.3,6.96,1,1
2,5/1/2015 0:03,5/1/2015 0:05,N,1,-73.94761658,40.79628372,-73.93755341,40.80999374,1,1.07,5,0.5,0.5,0,0,,0.3,6.3,2,1
2,5/1/2015 0:03,5/1/2015 0:06,N,1,-73.94954681,40.82255936,-73.95214081,40.81227875,1,0.97,5,0.5,0.5,0,0,,0.3,6.3,2,1
2,5/1/2015 0:03,5/1/2015 0:07,N,1,-73.95313263,40.8101387,-73.96413422,40.8022995,1,1,5.5,0.5,0.5,1,0,,0.3,7.8,1,1
2,5/1/2015 0:02,5/1/2015 0:08,N,1,-73.98065186,40.67615128,-73.9658432,40.6724472,5,0.96,6,0.5,0.5,1.46,0,,0.3,8.76,1,1
2,5/1/2015 0:03,5/1/2015 0:10,N,1,-73.89089203,40.74684143,-73.88441467,40.75376129,1,0.81,6,0.5,0.5,1.46,0,,0.3,8.76,1,1
2,5/1/2015 0:02,5/1/2015 0:11,N,1,-73.9499588,40.67601013,-73.93983459,40.66069412,1,1.61,8.5,0.5,0.5,0,0,,0.3,9.8,2,1
2,5/1/2015 0:03,5/1/2015 0:11,N,1,-73.90348816,40.74530029,-73.92521667,40.74364853,1,1.31,7.5,0.5,0.5,0,0,,0.3,8.8,2,1
2,5/1/2015 0:03,5/1/2015 0:11,N,1,-73.89083099,40.74648285,-73.8817215,40.76152039,1,1.52,8,0.5,0.5,0,0,,0.3,9.3,2,1
2,5/1/2015 0:02,5/1/2015 0:14,N,1,-73.94450378,40.7052269,-73.96639252,40.6866684,1,2.33,11,0.5,0.5,2.46,0,,0.3,14.76,1,1
2,5/1/2015 0:02,5/1/2015 0:14,N,1,-73.84414673,40.72105789,-73.87065887,40.75705719,1,4.4,15,0.5,0.5,0,0,,0.3,16.3,2,1
2,5/1/2015 0:03,5/1/2015 0:30,N,1,-73.95188141,40.71607208,-73.99137115,40.66378784,1,5.76,23,0.5,0.5,4.86,0,,0.3,29.16,1,1
1,5/1/2015 0:03,5/1/2015 0:18,N,1,-73.91835785,40.70385742,-73.98641968,40.71817017,1,4.2,15,0.5,0.5,0,0,,0.3,16.3,2,1
1,5/1/2015 0:02,5/1/2015 0:27,N,1,-73.95690918,40.71659851,-73.9884491,40.74610901,1,5.9,22,0.5,0.5,0,0,,0.3,23.3,2,1
2,5/1/2015 0:03,5/1/2015 0:07,N,1,-73.91178131,40.77521515,-73.90476227,40.77499771,1,0.57,4,0.5,0.5,1.59,0,,0.3,6.89,1,1
2,5/1/2015 0:03,5/1/2015 0:06,N,1,-73.91189575,40.77513123,-73.90296173,40.77416611,1,0.96,5,0.5,0.5,0,0,,0.3,6.3,2,1
2,5/1/2015 0:03,5/1/2015 0:08,N,1,-73.90602112,40.84978867,-73.89064789,40.84764099,1,1.13,6,0.5,0.5,3.33,0,,0.3,10.63,1,1
2,5/1/2015 0:06,5/1/2015 0:08,N,1,-73.94686127,40.63173294,-73.95523834,40.63520813,1,0.61,4,0.5,0.5,0,0,,0.3,5.3,2,1
2,5/1/2015 0:05,5/1/2015 0:10,N,1,-73.98217773,40.67970276,-73.98410797,40.68741608,1,0.86,6,0.5,0.5,1.3,0,,0.3,8.6,1,1
2,5/1/2015 0:04,5/1/2015 0:10,N,1,-73.95880127,40.71690369,-73.95359802,40.72487259,1,1.06,6.5,0.5,0.5,1.56,0,,0.3,9.36,1,1
1,5/1/2015 0:01,5/1/2015 0:12,N,1,-73.97053528,40.67470169,-73.97463989,40.6541481,1,2.4,10.5,0.5,0.5,0,0,,0.3,11.8,2,1
2,5/1/2015 0:01,5/1/2015 0:02,N,1,-73.93750763,40.75816727,-73.93755341,40.75812531,1,0,2.5,0.5,0.5,0,0,,0.3,3.8,2,1
2,5/1/2015 0:01,5/1/2015 0:05,N,1,-73.94039154,40.82504654,-73.94872284,40.82658386,1,0.79,5,0.5,0.5,0,0,,0.3,6.3,2,1
2,5/1/2015 0:01,5/1/2015 0:15,N,1,-73.99227142,40.68954086,-73.93875122,40.67770386,1,0,9.5,0.5,0.5,0,0,,0.3,10.8,2,1
2,5/1/2015 0:01,5/1/2015 0:15,N,1,-73.9548645,40.73368073,-73.94655609,40.69870758,1,2.99,12,0.5,0.5,3.32,0,,0.3,16.62,1,1
2,5/1/2015 0:01,5/1/2015 0:23,N,5,-73.92433929,40.81512833,-73.83847809,40.87706375,1,12.34,17,0,0,0,0,,0,17,2,2
1,5/1/2015 0:01,5/1/2015 0:08,N,1,-73.93812561,40.80470657,-73.92448425,40.81069565,1,1.3,7,0.5,0.5,0,0,,0.3,8.3,2,1
2,5/1/2015 0:01,5/1/2015 0:01,N,2,-73.87099457,40.72822189,-73.87094879,40.72822571,1,0,52,0,0.5,0,0,,0.3,52.8,2,1
2,5/1/2015 0:02,5/1/2015 0:11,N,1,-73.91121674,40.76861572,-73.93460846,40.75193024,1,1.86,9,0.5,0.5,0,0,,0.3,10.3,2,1
2,5/1/2015 0:01,5/1/2015 0:12,N,1,-73.97332001,40.6859169,-73.9278717,40.69288635,1,2.55,10.5,0.5,0.5,2.2,0,,0.3,14,1,1
2,5/1/2015 0:02,5/1/2015 0:18,N,1,-73.95600128,40.7141571,-73.9786377,40.73658371,1,3.45,14.5,0.5,0.5,3.16,0,,0.3,18.96,1,1
2,5/1/2015 0:01,5/1/2015 0:22,N,1,-73.96107483,40.71670914,-73.90911102,40.70181274,1,4.43,15.5,0.5,0.5,0,0,,0.3,16.8,2,1
2,5/1/2015 0:02,5/1/2015 0:24,N,1,-73.98375702,40.6679306,-73.95714569,40.74580383,1,9.31,28,0.5,0.5,5.86,0,,0.3,35.16,1,1
2,5/1/2015 0:02,5/1/2015 0:26,N,1,-73.86660767,40.74953079,-73.78156281,40.70262146,5,8.21,27,0.5,0.5,0,0,,0.3,28.3,2,1
1,5/1/2015 0:01,5/1/2015 0:41,N,1,-73.98868561,40.69360733,-73.78456879,40.66624832,3,12.3,38.5,0.5,0.5,0,0,,0.3,39.8,2,1
2,5/1/2015 0:03,5/1/2015 0:05,N,1,-73.98178101,40.57678986,-73.99399567,40.57563782,1,0.68,4.5,0.5,0.5,0,0,,0.3,5.8,2,1
2,5/1/2015 0:03,5/1/2015 0:06,N,1,-73.8605423,40.83348846,-73.85719299,40.84111023,1,0.75,4.5,0.5,0.5,0,0,,0.3,5.8,1,1
2,5/1/2015 0:03,5/1/2015 0:06,N,1,-73.95147705,40.69006348,-73.9436264,40.69226074,5,0.61,-4.5,-0.5,-0.5,0,0,,-0.3,-5.8,3,1
2,5/1/2015 0:02,5/1/2015 0:08,N,1,-73.95249939,40.81062698,-73.96095276,40.80176544,1,0.98,6,0.5,0.5,2,0,,0.3,9.3,1,1
2,5/1/2015 0:03,5/1/2015 0:10,N,1,-73.83216858,40.71481323,-73.79724121,40.72057343,1,2.2,9,0.5,0.5,0,0,,0.3,10.3,1,1
2,5/1/2015 0:02,5/1/2015 0:11,N,1,-73.98672485,40.68772888,-73.95545959,40.67767334,5,1.88,8.5,0.5,0.5,1.96,0,,0.3,11.76,1,1
2,5/1/2015 0:03,5/1/2015 0:16,N,1,-73.94142151,40.81435013,-73.85675812,40.84023666,1,6.65,20,0.5,0.5,0,0,,0.3,21.3,2,1
2,5/1/2015 0:03,5/1/2015 0:16,N,1,-73.95814514,40.72170639,-73.98957825,40.69338989,1,3.99,14.5,0.5,0.5,0,0,,0.3,15.8,2,1
2,5/1/2015 0:02,5/1/2015 0:20,N,1,-73.95681763,40.71875381,-73.93224335,40.67337418,1,4.1,15.5,0.5,0.5,0,0,,0.3,16.8,2,1
2,5/1/2015 0:02,5/1/2015 0:20,N,1,-73.99368286,40.68200302,-73.88819122,40.75059891,1,8.58,25.5,0.5,0.5,5.36,0,,0.3,32.16,1,1
2,5/1/2015 0:03,5/1/2015 0:33,N,1,-73.96134186,40.80653381,-73.98308563,40.73048019,1,7.21,26,0.5,0.5,1.5,0,,0.3,28.8,1,1
1,5/1/2015 0:02,5/1/2015 0:16,Y,1,-73.95159149,40.71408081,-73.98787689,40.7238884,1,2.5,12,0.5,0.5,0,0,,0.3,13.3,2,1
1,5/1/2015 0:03,5/1/2015 0:23,N,1,-73.95848846,40.73493576,-73.91399384,40.68714523,1,4.6,17.5,0.5,0.5,0,0,,0.3,18.8,2,1
1,5/1/2015 0:03,5/1/2015 0:10,N,1,-73.95801544,40.72183228,-73.94734955,40.71566391,1,1.3,6.5,0.5,0.5,1.55,0,,0.3,9.35,1,1
1,5/1/2015 0:02,5/1/2015 0:30,N,1,-74.01451874,40.67660141,-73.92643738,40.7029686,1,6.4,23.5,0.5,0.5,4.95,0,,0.3,29.75,1,1
1,5/1/2015 0:02,5/1/2015 0:23,N,1,-73.99060822,40.6866684,-73.92366028,40.76118851,1,9.4,28,0.5,0.5,5.85,0,,0.3,35.15,1,1
2,5/1/2015 0:04,5/1/2015 0:07,N,1,-73.88317871,40.74771118,-73.87431335,40.74745178,1,0.42,4,0.5,0.5,0,0,,0.3,5.3,2,1
2,5/1/2015 0:05,5/1/2015 0:08,N,1,-73.92619324,40.69805908,-73.93613434,40.69750595,3,0.49,4,0.5,0.5,0,0,,0.3,5.3,2,1
2,5/1/2015 0:04,5/1/2015 0:08,N,1,-73.9553299,40.73639679,-73.95167542,40.72545242,1,0.81,5,0.5,0.5,1.89,0,,0.3,8.19,1,1
2,5/1/2015 0:04,5/1/2015 0:10,N,1,-73.94219971,40.79884338,-73.93630219,40.81564331,3,1.44,7,0.5,0.5,1.6,0,,0.3,9.9,1,1
2,5/1/2015 0:06,5/1/2015 0:09,N,1,-73.94527435,40.80797577,-73.94085693,40.80845642,1,0.49,4,0.5,0.5,0,0,,0.3,5.3,2,1
2,5/1/2015 0:05,5/1/2015 0:10,N,1,-73.92203522,40.81884384,-73.92463684,40.82804108,1,0.87,5.5,0.5,0.5,0,0,,0.3,6.8,2,1
2,5/1/2015 0:01,5/1/2015 0:05,N,1,-73.94657135,40.65114594,-73.94820404,40.66431046,1,1.21,6,0.5,0.5,0,0,,0.3,7.3,1,1
2,5/1/2015 0:01,5/1/2015 0:04,N,1,-73.84421539,40.72136688,-73.85344696,40.72564316,1,0.8,4.5,0.5,0.5,0,0,,0.3,5.8,2,1
2,5/1/2015 0:01,5/1/2015 0:13,N,1,-73.9787674,40.68388367,-73.95384216,40.65391159,1,2.8,11.5,0.5,0.5,1,0,,0.3,13.8,1,1
2,5/1/2015 0:01,5/1/2015 0:20,N,1,-73.96365356,40.67728806,-73.95819855,40.71049118,1,4.18,15,0.5,0.5,3.26,0,,0.3,19.56,1,1
1,5/1/2015 0:01,5/1/2015 0:07,N,1,-73.83005524,40.71374512,-73.83404541,40.70062256,2,1.3,6.5,0.5,0.5,0,0,,0.3,7.8,2,1
1,5/1/2015 0:01,5/1/2015 0:05,N,1,-73.98818207,40.69605255,-73.97328949,40.69587708,1,0.8,5.5,0.5,0.5,1.4,0,,0.3,8.2,1,1
1,5/1/2015 0:01,5/1/2015 0:04,N,1,-73.93721771,40.60111237,-73.92973328,40.61052322,1,1,5.5,0.5,0.5,0,0,,0.3,6.8,2,1
2,5/1/2015 0:01,5/1/2015 0:04,N,1,-73.90824127,40.77441025,-73.91161346,40.76809692,1,0.53,4.5,0.5,0.5,0,0,,0.3,5.8,2,1
2,5/1/2015 0:01,5/1/2015 0:09,N,1,-73.95393372,40.72943878,-73.9566803,40.72177887,2,1.11,6.5,0.5,0.5,0,0,,0.3,7.8,2,1
2,5/1/2015 0:02,5/1/2015 0:09,N,1,-73.91360474,40.75360107,-73.88154602,40.76047516,1,2.05,8.5,0.5,0.5,0,0,,0.3,9.8,1,1
2,5/1/2015 0:02,5/1/2015 0:16,N,1,-73.9561615,40.71382141,-73.98010254,40.67866898,1,4.1,15.5,0.5,0.5,3.36,0,,0.3,20.16,1,1
2,5/1/2015 0:01,5/1/2015 0:16,N,1,-73.96763611,40.71084213,-73.97510529,40.68469238,5,3.62,13.5,0.5,0.5,2.96,0,,0.3,17.76,1,1
2,5/1/2015 0:01,5/1/2015 0:20,N,1,-73.95968628,40.71798325,-73.91791534,40.69885635,1,3.39,14.5,0.5,0.5,3.95,0,,0.3,19.75,1,1
2,5/1/2015 0:02,5/1/2015 0:22,N,1,-73.87094879,40.72822571,-73.88868713,40.74714661,1,2.08,14,0.5,0.5,0,0,,0.3,15.3,2,1
1,5/1/2015 0:01,5/1/2015 0:05,N,1,-73.95489502,40.80511856,-73.95768738,40.80387878,1,0.4,4.5,0.5,0.5,0,0,,0.3,5.8,2,1
2,5/1/2015 0:02,5/1/2015 0:05,N,1,-73.89053345,40.74688721,-73.88741302,40.75095367,1,0.45,4,0.5,0.5,1.06,0,,0.3,6.36,1,1
2,5/1/2015 0:03,5/1/2015 0:05,N,1,-73.95285034,40.78900909,-73.9440155,40.79799652,1,0.88,4.5,0.5,0.5,0,0,,0.3,5.8,2,1
2,5/1/2015 0:03,5/1/2015 0:06,N,1,-73.9156189,40.76429367,-73.90776062,40.76598358,1,0.68,4.5,0.5,0.5,0,0,,0.3,5.8,2,1
2,5/1/2015 0:03,5/1/2015 0:06,N,1,-73.95147705,40.69006348,-73.9436264,40.69226074,5,0.61,4.5,0.5,0.5,0,0,,0.3,5.8,2,1
2,5/1/2015 0:02,5/1/2015 0:11,N,1,-73.98654938,40.6623497,-73.96856689,40.64808273,3,2.44,10,0.5,0.5,2.26,0,,0.3,13.56,1,1
2,5/1/2015 0:02,5/1/2015 0:10,N,1,-73.93719482,40.82089233,-73.94516754,40.83349991,1,1.57,7.5,0.5,0.5,0,0,,0.3,8.8,2,1
2,5/1/2015 0:02,5/1/2015 0:13,N,1,-73.80748749,40.70011139,-73.77693176,40.71437073,1,2.24,10,0.5,0.5,0,0,,0.3,11.3,1,1
2,5/1/2015 0:03,5/1/2015 0:12,N,1,-73.95751953,40.67215347,-73.90790558,40.67759705,1,2.94,10.5,0.5,0.5,0,0,,0.3,11.8,2,1
2,5/1/2015 0:03,5/1/2015 0:13,N,1,-73.95700836,40.71445847,-73.94528961,40.69023132,1,2.14,9,0.5,0.5,5,0,,0.3,15.3,1,1
2,5/1/2015 0:03,5/1/2015 0:15,N,1,-73.83008575,40.714077,-73.73406219,40.72238541,5,6.53,19,0.5,0.5,2,0,,0.3,22.3,1,1
2,5/1/2015 0:02,5/1/2015 0:15,N,1,-73.89079285,40.74702072,-73.85114288,40.74295044,1,2.57,11.5,0.5,0.5,0,0,,0.3,12.8,2,1
2,5/1/2015 0:02,5/1/2015 0:28,N,1,-73.93888855,40.82403946,-73.96503448,40.6867981,1,13.78,39,0.5,0.5,9.17,5.54,,0.3,55.01,1,1
2,5/1/2015 0:03,5/1/2015 0:42,N,1,-73.95907593,40.67757034,-73.7800293,40.6779213,1,12.28,38,0.5,0.5,0,0,,0.3,39.3,1,1
1,5/1/2015 0:03,5/1/2015 0:08,N,1,-73.9539032,40.68321991,-73.97737122,40.68975449,1,1.7,7,0.5,0.5,2.05,0,,0.3,10.35,1,1
1,5/1/2015 0:02,5/1/2015 0:17,N,1,-73.95674896,40.71886826,-73.98371124,40.7237587,1,2.8,13,0.5,0.5,0,0,,0.3,14.3,2,1
1,5/1/2015 0:03,5/1/2015 0:09,N,1,-73.9818573,40.57685852,-74.00045013,40.57300949,1,1.5,7,0.5,0.5,0,0,,0.3,8.3,2,1
2,5/1/2015 0:03,5/1/2015 0:08,N,1,-73.91846466,40.74292374,-73.90558624,40.73785019,1,0.92,5.5,0.5,0.5,0,0,,0.3,6.8,2,1
2,5/1/2015 0:03,5/1/2015 0:10,N,1,-73.97693634,40.687397,-73.98389435,40.68076324,1,0.9,6,0.5,0.5,0,0,,0.3,7.3,2,1
2,5/1/2015 0:05,5/1/2015 0:10,N,1,-73.9668808,40.6832428,-73.94419861,40.67755127,1,1.39,6.5,0.5,0.5,1.56,0,,0.3,9.36,1,1
2,5/1/2015 0:05,5/1/2015 23:51,N,1,-73.94837952,40.80369186,-73.93930817,40.81844711,1,1.22,6.5,0.5,0.5,0,0,,0.3,7.8,2,1
2,5/1/2015 0:03,5/1/2015 0:11,N,1,-73.9151001,40.76407623,-73.91343689,40.74562836,1,1.64,7,0.5,0.5,0,0,,0.3,8.3,2,1
2,5/1/2015 0:06,5/1/2015 0:12,N,1,-73.94556427,40.75087738,-73.9349823,40.76693726,1,1.68,7.5,0.5,0.5,1.76,0,,0.3,10.56,1,1
2,5/1/2015 0:05,5/1/2015 0:11,N,1,-73.99472046,40.68492126,-73.99663544,40.6978035,1,1.44,7,0.5,0.5,2.08,0,,0.3,10.38,1,1
2,5/1/2015 0:05,5/1/2015 0:12,N,1,-73.91918182,40.74305725,-73.89683533,40.74428177,1,1.3,7,0.5,0.5,0,0,,0.3,8.3,2,1
2,5/1/2015 0:03,5/1/2015 0:12,N,1,-73.89076233,40.74649811,-73.86873627,40.76585388,1,3.26,11.5,0.5,0.5,0,0,,0.3,12.8,1,1
2,5/1/2015 0:05,5/1/2015 0:12,N,1,-73.94121552,40.83073425,-73.9234314,40.86701584,1,3.37,11.5,0.5,0.5,1.5,0,,0.3,14.3,1,1
2,5/1/2015 0:05,5/1/2015 0:13,N,1,-73.95166016,40.71395493,-73.94230652,40.68992615,1,1.91,8.5,0.5,0.5,0,0,,0.3,9.8,2,1
2,5/1/2015 0:06,5/1/2015 0:14,N,1,-73.96281433,40.67320251,-73.95785522,40.68691635,1,1.5,8,0.5,0.5,1.86,0,,0.3,11.16,1,1
2,5/1/2015 0:06,5/1/2015 0:14,N,1,-73.80735016,40.70034027,-73.79729462,40.71115875,1,1.69,8,0.5,0.5,0,0,,0.3,9.3,1,1
2,5/1/2015 0:05,5/1/2015 0:14,N,1,-73.83039856,40.75955963,-73.82698822,40.74613953,2,1.7,8.5,0.5,0.5,0,0,,0.3,9.8,2,1
2,5/1/2015 0:04,5/1/2015 0:14,N,1,-73.96375275,40.71050644,-73.96095276,40.69410324,1,1.52,8.5,0.5,0.5,0,0,,0.3,9.8,2,1
2,5/1/2015 0:05,5/1/2015 0:16,N,1,-73.99247742,40.68975067,-74.02655792,40.63847733,1,5.68,17,0.5,0.5,0,0,,0.3,18.3,2,1
2,5/1/2015 0:04,5/1/2015 0:17,N,1,-73.9822464,40.67853165,-73.93546295,40.68357086,1,3.01,12.5,0.5,0.5,0,0,,0.3,13.8,2,1
2,5/1/2015 0:05,5/1/2015 0:19,N,1,-73.95448303,40.72256851,-73.97662354,40.72326279,1,3.59,13.5,0.5,0.5,2.96,0,,0.3,17.76,1,1
2,5/1/2015 0:04,5/1/2015 0:20,N,1,-73.96796417,40.6800499,-73.95743561,40.73134613,1,4.76,16,0.5,0.5,4.32,0,,0.3,21.62,1,1
2,5/1/2015 0:04,5/1/2015 0:20,N,1,-73.95769501,40.72207642,-73.98493195,40.68866348,1,4.13,15,0.5,0.5,3.26,0,,0.3,19.56,1,1
2,5/1/2015 0:05,5/1/2015 0:21,N,1,-73.99131012,40.66332245,-73.95167542,40.68982697,1,3.42,14,0.5,0.5,0,0,,0.3,15.3,1,1
2,5/1/2015 0:06,5/1/2015 0:25,N,1,-73.94454956,40.71450806,-73.92558289,40.76790619,1,7.43,23,0.5,0.5,7.29,0,,0.3,31.59,1,1
2,5/1/2015 0:06,5/1/2015 0:27,N,1,-73.95171356,40.79914474,-73.84771729,40.90227127,1,10.62,31,0.5,0.5,0,0,,0.3,32.3,1,1
2,5/1/2015 0:06,5/1/2015 0:28,N,1,-73.94316101,40.70628738,-73.91535187,40.74555206,1,5.04,19,0.5,0.5,0,0,,0.3,20.3,2,1
2,5/1/2015 0:05,5/1/2015 0:47,N,1,-73.844841,40.75826645,-74.00749969,40.70652771,1,16.3,49.5,0.5,0.5,14.08,5.54,,0.3,70.42,1,1
2,5/1/2015 0:05,5/1/2015 1:02,N,1,-73.93737793,40.7579689,0,0,1,0,2.5,0.5,0.5,0,0,,0.3,3.8,2,1
1,5/1/2015 0:06,5/1/2015 0:14,N,1,-73.92776489,40.69790268,-73.89579773,40.7025032,1,1.9,8.5,0.5,0.5,0,0,,0.3,9.8,2,1
1,5/1/2015 0:06,5/1/2015 0:12,N,1,-73.96659851,40.69333267,-73.94828033,40.68723297,1,1.4,6.5,0.5,0.5,0,0,,0.3,7.8,2,1
1,5/1/2015 0:05,5/1/2015 0:27,N,1,-73.92710114,40.81860733,-73.847435,40.85739899,1,6.2,21,0.5,0.5,4.45,0,,0.3,26.75,1,1
1,5/1/2015 0:04,5/1/2015 0:10,N,1,-73.82995605,40.71366501,-73.82958984,40.70373917,1,1,6,0.5,0.5,0,0,,0.3,7.3,2,1
1,5/1/2015 0:04,5/1/2015 0:13,N,1,-73.95668793,40.71308136,-73.95531464,40.7360611,1,2.1,9.5,0.5,0.5,2.15,0,,0.3,12.95,1,1
1,5/1/2015 0:03,5/1/2015 0:23,N,1,-73.95676422,40.71673965,-73.98781586,40.73247528,1,3.3,16,0.5,0.5,0,0,,0.3,17.3,2,1
2,5/1/2015 0:06,5/1/2015 0:10,N,1,-73.88049316,40.74811935,-73.88951874,40.74712372,1,0.37,4,0.5,0.5,0,0,,0.3,5.3,2,1
2,5/1/2015 0:08,5/1/2015 0:11,N,1,-73.95785522,40.67103577,-73.9528656,40.67440414,1,0.52,4.5,0.5,0.5,1.74,0,,0.3,7.54,1,1
2,5/1/2015 0:07,5/1/2015 0:12,N,1,-73.95576477,40.71962738,-73.94045258,40.72431946,1,1.09,5.5,0.5,0.5,1,0,,0.3,7.8,1,1
2,5/1/2015 0:10,5/1/2015 0:12,N,1,-73.92327118,40.7610054,-73.91862488,40.76764297,5,0.5,4,0.5,0.5,0,0,,0.3,5.3,2,1
2,5/1/2015 0:10,5/1/2015 0:13,N,1,-73.93780518,40.82843399,-73.93695068,40.81005859,1,1.65,6.5,0.5,0.5,0,0,,0.3,7.8,2,1
2,5/1/2015 0:07,5/1/2015 0:13,N,1,-73.98918152,40.66994095,-74.00408173,40.65478134,1,1.32,7,0.5,0.5,1.66,0,,0.3,9.96,1,1
2,5/1/2015 0:09,5/1/2015 0:13,N,1,-73.93880463,40.80530167,-73.94793701,40.80963135,1,0.41,4.5,0.5,0.5,0,0,,0.3,5.8,2,1
2,5/1/2015 0:09,5/1/2015 0:14,N,1,-73.98034668,40.68862534,-73.95868683,40.68839645,1,1.37,6.5,0.5,0.5,1.95,0,,0.3,9.75,1,1
2,5/1/2015 0:11,5/1/2015 0:14,N,1,-73.88322449,40.74669647,-73.87426758,40.74401093,1,0.49,4,0.5,0.5,0,0,,0.3,5.3,2,1
2,5/1/2015 0:09,5/1/2015 0:14,N,1,-73.88427734,40.74752808,-73.88541412,40.75374222,1,0.59,5.5,0.5,0.5,0,0,,0.3,6.8,2,1
2,5/1/2015 0:09,5/1/2015 0:15,N,1,-73.95372009,40.790802,-73.96707153,40.80015182,6,1.52,7,0.5,0.5,0,0,,0.3,8.3,2,1
2,5/1/2015 0:01,5/1/2015 0:18,N,1,-73.96609497,40.80475235,-73.9312439,40.8548584,1,4.39,16.5,0.5,0.5,0,0,,0.3,17.8,2,1
2,5/1/2015 0:01,5/1/2015 0:03,N,1,-73.91698456,40.76137543,-73.91040039,40.7617569,2,0.48,4,0.5,0.5,0,0,,0.3,5.3,1,1
2,5/1/2015 0:01,5/1/2015 0:01,N,1,-73.96229553,40.8104744,-73.95953369,40.76347351,1,4.36,16.5,0.5,0.5,3.56,0,,0.3,21.36,1,1
2,5/1/2015 0:01,5/1/2015 0:04,N,1,-73.91802979,40.77030182,-73.92969513,40.77396011,2,0.67,4.5,0.5,0.5,0,0,,0.3,5.8,2,1
2,5/1/2015 0:01,5/1/2015 0:06,N,1,-73.96328735,40.7113266,-73.95720673,40.71060562,1,0.42,4.5,0.5,0.5,0,0,,0.3,5.8,2,1
2,5/1/2015 0:01,5/1/2015 0:08,N,1,-73.91827393,40.8255806,-73.90599823,40.84674835,2,1.79,7.5,0.5,0.5,0,0,,0.3,8.8,2,1
1,5/1/2015 0:01,5/1/2015 0:04,N,1,-73.91776276,40.77017212,-73.91065979,40.76747513,1,0.6,4.5,0.5,0.5,0,0,,0.3,5.8,2,1
2,5/1/2015 0:02,5/1/2015 0:03,N,1,-73.99198914,40.69044495,-73.99364471,40.68703461,2,0.14,3,0.5,0.5,0,0,,0.3,4.3,2,1
2,5/1/2015 0:01,5/1/2015 0:04,N,1,-73.95101166,40.81006622,-73.94380951,40.81002426,1,0.5,4,0.5,0.5,1,0,,0.3,6.3,1,1
2,5/1/2015 0:01,5/1/2015 0:06,N,1,-73.98896027,40.69225693,-73.9834137,40.69610596,1,0.57,5,0.5,0.5,0,0,,0.3,6.3,2,1
2,5/1/2015 0:01,5/1/2015 0:06,N,1,-73.9197464,40.7594223,-73.93480682,40.76691055,2,0.91,5,0.5,0.5,0,0,,0.3,6.3,2,1
2,5/1/2015 0:02,5/1/2015 0:09,N,1,-73.95722961,40.71463776,-73.9581604,40.73354721,1,1.71,8,0.5,0.5,1.5,0,,0.3,10.8,1,1
2,5/1/2015 0:02,5/1/2015 0:23,N,1,-73.9254837,40.76173782,-73.89648438,40.69600677,1,12.63,35.5,0.5,0.5,0,0,,0.3,36.8,2,1
2,5/1/2015 0:01,5/1/2015 0:34,N,1,-73.94464111,40.71458054,-73.94025421,40.82048035,1,12.16,37.5,0.5,0.5,0,0,,0.3,38.8,2,1
1,5/1/2015 0:01,5/1/2015 0:09,N,1,-73.84433746,40.72088623,-73.86071777,40.7346344,3,1.6,8,0.5,0.5,0,0,,0.3,9.3,2,1
2,5/1/2015 0:02,5/1/2015 0:05,N,1,-73.97924042,40.68302155,-73.97225952,40.67672729,2,0.65,4.5,0.5,0.5,0,0,,0.3,5.8,2,1
2,5/1/2015 0:03,5/1/2015 0:05,N,1,-73.98178101,40.57678986,-73.99399567,40.57563782,1,0.68,-4.5,-0.5,-0.5,0,0,,-0.3,-5.8,2,1
2,5/1/2015 0:03,5/1/2015 0:09,N,1,-73.94563293,40.80794525,-73.94069672,40.81901169,1,1.21,6.5,0.5,0.5,0,0,,0.3,7.8,2,1
2,5/1/2015 0:03,5/1/2015 0:11,N,1,-73.8963089,40.74622345,-73.89537048,40.73540115,1,1.74,8.5,0.5,0.5,0,0,,0.3,9.8,2,1
2,5/1/2015 0:03,5/1/2015 0:12,N,1,-73.95707703,40.67310715,-73.97904205,40.68673706,1,1.71,9,0.5,0.5,0,0,,0.3,10.3,2,1
2,5/1/2015 0:03,5/1/2015 0:13,N,1,-73.96152496,40.71640015,-73.9548111,40.69287109,1,2.26,9.5,0.5,0.5,2,0,,0.3,12.8,1,1
2,5/1/2015 0:03,5/1/2015 0:14,N,1,-73.88528442,40.74762344,-73.94599152,40.72737122,1,4.43,15,0.5,0.5,0,0,,0.3,16.3,2,1
2,5/1/2015 0:03,5/1/2015 0:16,N,1,-73.94247437,40.84193802,-73.96668243,40.79398346,1,5.2,16.5,0.5,0.5,0,0,,0.3,17.8,1,1
2,5/1/2015 0:02,5/1/2015 0:21,N,1,-73.91873169,40.69876099,-73.96252441,40.71004105,1,3.34,14,0.5,0.5,0,0,,0.3,15.3,2,1
2,5/1/2015 0:02,5/1/2015 0:22,N,1,-73.95713806,40.71442032,-73.97373962,40.75421143,2,5.37,20,0.5,0.5,0,0,,0.3,21.3,2,1
2,5/1/2015 0:02,5/1/2015 0:27,N,1,-73.96213531,40.7131958,-74.00187683,40.73955154,5,4.14,19.5,0.5,0.5,1.5,0,,0.3,22.3,1,1
2,5/1/2015 0:03,5/1/2015 0:28,N,1,-73.97800446,40.68682098,-74.02862549,40.63909912,5,4.91,20,0.5,0.5,4.26,0,,0.3,25.56,1,1
2,5/1/2015 0:03,5/1/2015 0:34,N,1,-73.84451294,40.75803757,-73.99720764,40.74160385,5,13.61,40,0.5,0.5,0,0,,0.3,41.3,2,1
2,5/1/2015 0:02,5/1/2015 0:37,N,1,-73.96446228,40.67329025,-73.98348999,40.7299614,3,5.81,26,0.5,0.5,0,0,,0.3,27.3,2,1
1,5/1/2015 0:02,5/1/2015 0:14,N,5,-73.92501068,40.86145782,-73.9026947,40.85334015,1,3.1,12,0,0,0,0,,0,12,1,2
1,5/1/2015 0:02,5/1/2015 0:13,N,1,-73.98765564,40.69197845,-74.00750732,40.67468262,1,2.1,9.5,0.5,0.5,0,0,,0.3,10.8,2,1
2,5/1/2015 0:04,5/1/2015 0:05,N,5,-73.90679932,40.83149719,-73.90763855,40.8300209,1,0.1,8,0,0,0,0,,0,8,1,2
2,5/1/2015 0:06,5/1/2015 0:06,N,1,-73.95226288,40.78983307,-73.94792175,40.79571533,1,0.19,2.5,0.5,0.5,0,0,,0.3,3.8,2,1
2,5/1/2015 0:03,5/1/2015 0:07,N,1,-73.91887665,40.75909424,-73.91054535,40.76660538,1,0.86,5,0.5,0.5,1,0,,0.3,7.3,1,1
2,5/1/2015 0:06,5/1/2015 0:09,N,1,-73.93733978,40.8445015,-73.93293762,40.85034561,1,0.47,4,0.5,0.5,0,0,,0.3,5.3,2,1
2,5/1/2015 0:05,5/1/2015 0:09,N,1,-73.92227173,40.70624924,-73.94087982,40.70103836,1,1.12,5.5,0.5,0.5,1.2,0,,0.3,8,1,1
2,5/1/2015 0:06,5/1/2015 0:10,N,1,-73.95464325,40.73215866,-73.94850159,40.72135925,1,0.84,5,0.5,0.5,0,0,,0.3,6.3,2,1
2,5/1/2015 0:03,5/1/2015 0:10,N,1,-73.91769409,40.77001953,-73.93109131,40.77400208,1,1.15,7,0.5,0.5,0,0,,0.3,8.3,2,1
2,5/1/2015 0:05,5/1/2015 0:11,N,1,-73.84571075,40.72054672,-73.833992,40.71269226,1,1.06,6.5,0.5,0.5,1.56,0,,0.3,9.36,1,1
2,5/1/2015 0:03,5/1/2015 0:11,N,1,-73.96205139,40.8102684,-73.93762207,40.80444717,1,1.64,8,0.5,0.5,1.86,0,,0.3,11.16,1,1
2,5/1/2015 0:04,5/1/2015 0:12,N,1,-73.95529938,40.73681641,-73.94078827,40.72006989,1,1.78,8,0.5,0.5,2.79,0,,0.3,12.09,1,1
2,5/1/2015 0:06,5/1/2015 0:13,N,1,-73.9603653,40.71535873,-73.94254303,40.72512054,1,1.41,7,0.5,0.5,2.49,0,,0.3,10.79,1,1
2,5/1/2015 0:05,5/1/2015 0:13,N,1,-73.95813751,40.8153038,-73.93753052,40.8159256,1,1.81,8,0.5,0.5,0,0,,0.3,9.3,2,1
2,5/1/2015 0:06,5/1/2015 0:13,N,1,-73.89041138,40.74685669,-73.87786102,40.73649979,1,1.13,6.5,0.5,0.5,0,0,,0.3,7.8,2,1
2,5/1/2015 0:04,5/1/2015 0:14,N,1,-73.94730377,40.82509613,-73.9415741,40.80517197,1,1.99,9,0.5,0.5,0,0,,0.3,10.3,2,1
2,5/1/2015 0:03,5/1/2015 0:14,N,1,-73.95191956,40.7991066,-73.9513855,40.82490158,1,2.11,10,0.5,0.5,2.26,0,,0.3,13.56,1,1
2,5/1/2015 0:05,5/1/2015 0:14,N,1,-73.92292023,40.82661819,-73.88871002,40.81804657,1,2.19,9.5,0.5,0.5,0,0,,0.3,10.8,2,1
2,5/1/2015 0:06,5/1/2015 0:17,N,1,-73.80739594,40.70035553,-73.77366638,40.67842865,1,3.02,11,0.5,0.5,2.46,0,,0.3,14.76,1,1
2,5/1/2015 0:06,5/1/2015 0:19,N,1,-73.80718231,40.69936752,-73.75574493,40.71877289,1,3.96,13.5,0.5,0.5,0,0,,0.3,14.8,2,1
2,5/1/2015 0:06,5/1/2015 0:22,N,1,-73.9774704,40.68986511,-73.96872711,40.64874268,2,3.64,14.5,0.5,0.5,0,0,,0.3,15.8,1,1
2,5/1/2015 0:05,5/1/2015 0:25,N,1,-73.99398804,40.68154907,-73.91938782,40.70419312,1,4.72,18,0.5,0.5,3.86,0,,0.3,23.16,1,1
2,5/1/2015 0:05,5/1/2015 0:30,N,1,-73.94577026,40.79038239,-73.90238953,40.86065292,5,6.78,22,0.5,0.5,0,0,,0.3,23.3,2,1
2,5/1/2015 0:05,5/1/2015 0:31,N,1,-73.95755005,40.72225952,-73.99445343,40.75234222,1,6.43,23,0.5,0.5,4.86,0,,0.3,29.16,1,1
2,5/1/2015 0:06,5/1/2015 0:31,N,1,-73.96072388,40.71503448,-73.98529816,40.74786377,1,4.74,19.5,0.5,0.5,0,0,,0.3,20.8,2,1
1,5/1/2015 0:06,5/1/2015 0:21,N,1,-73.96543121,40.71061707,-73.97846222,40.68519211,1,3.6,13.5,0.5,0.5,0,0,,0.3,14.8,2,1
1,5/1/2015 0:06,5/1/2015 0:10,N,1,-73.91893005,40.75899124,-73.90931702,40.75868607,1,1.1,5.5,0.5,0.5,0,0,,0.3,6.8,2,1
1,5/1/2015 0:05,5/1/2015 0:10,N,1,-73.95393372,40.58731079,-73.94239807,40.59256363,1,1,5.5,0.5,0.5,0.2,0,,0.3,7,1,1
1,5/1/2015 0:05,5/1/2015 0:14,N,1,-73.96922302,40.6764679,-73.99264526,40.69388199,1,2.2,9.5,0.5,0.5,0,0,,0.3,10.8,2,1
1,5/1/2015 0:05,5/1/2015 0:41,N,1,-73.95697021,40.71253967,-74.00679016,40.74152374,1,6,27,0.5,0.5,5.65,0,,0.3,33.95,1,1
1,5/1/2015 0:05,5/1/2015 0:19,N,1,-73.85451508,40.74272537,-73.89624023,40.75301743,2,2.8,12,0.5,0.5,0,0,,0.3,13.3,2,1
1,5/1/2015 0:03,5/1/2015 0:17,N,1,-73.88516235,40.74411392,-73.92111969,40.7645607,1,2.6,11.5,0.5,0.5,0,0,,0.3,12.8,1,1
1,5/1/2015 0:04,5/1/2015 0:12,N,1,-73.9549942,40.68884277,-73.92456055,40.68244553,1,2.2,9,0.5,0.5,0,0,,0.3,10.3,2,1
1,5/1/2015 0:04,5/1/2015 0:08,N,1,-73.95163727,40.81203842,-73.95167542,40.81976318,1,0.9,5,0.5,0.5,0.1,0,,0.3,6.4,1,1
2,5/1/2015 0:06,5/1/2015 0:08,N,1,-73.95787811,40.72177887,-73.95750427,40.72516251,1,0.4,3.5,0.5,0.5,0,0,,0.3,4.8,1,1
2,5/1/2015 0:07,5/1/2015 0:09,N,1,-73.93935394,40.82143784,-73.94530487,40.81327057,2,0.54,4,0.5,0.5,0,0,,0.3,5.3,2,1
2,5/1/2015 0:08,5/1/2015 0:09,N,1,-73.8809967,40.7480545,-73.88506317,40.74414825,2,0.28,3,0.5,0.5,0,0,,0.3,4.3,2,1
2,5/1/2015 0:07,5/1/2015 0:11,N,1,-73.95218658,40.78998566,-73.94750214,40.79921341,5,0.87,5,0.5,0.5,1.26,0,,0.3,7.56,1,1
2,5/1/2015 0:07,5/1/2015 0:12,N,1,-73.98122406,40.68993759,-73.96001434,40.6890564,1,1.09,6,0.5,0.5,0,0,,0.3,7.3,2,1
2,5/1/2015 0:09,5/1/2015 0:12,N,1,-73.97114563,40.68510818,-73.97325897,40.6946106,1,0.67,4.5,0.5,0.5,0,0,,0.3,5.8,2,1
2,5/1/2015 0:09,5/1/2015 0:13,N,1,-73.94046021,40.8146019,-73.9383316,40.82386017,1,1.09,5.5,0.5,0.5,0,0,,0.3,6.8,2,1
2,5/1/2015 0:09,5/1/2015 0:14,N,1,-73.95456696,40.82064056,-73.9397583,40.83503342,1,1.35,6.5,0.5,0.5,0,0,,0.3,7.8,2,1
2,5/1/2015 0:08,5/1/2015 0:14,N,1,-73.84418488,40.7218132,-73.85243225,40.73141098,1,0.94,6,0.5,0.5,1.82,0,,0.3,9.12,1,1
2,5/1/2015 0:11,5/1/2015 0:13,N,1,-73.94126892,40.80783844,-73.94921112,40.80189896,1,0.82,4.5,0.5,0.5,0,0,,0.3,5.8,2,1
2,5/1/2015 0:08,5/1/2015 0:14,N,1,-73.94572449,40.80873871,-73.93803406,40.81783676,2,1.08,6.5,0.5,0.5,1.56,0,,0.3,9.36,1,1
2,5/1/2015 0:04,5/1/2015 0:12,N,1,-73.80705261,40.69909286,-73.78276825,40.6890831,5,1.81,8,0.5,0.5,0,0,,0.3,9.3,2,1
2,5/1/2015 0:05,5/1/2015 0:14,N,1,-73.82821655,40.71333313,-73.8118515,40.76533127,1,5.38,16,0.5,0.5,1,0,,0.3,18.3,1,1
2,5/1/2015 0:05,5/1/2015 0:15,N,1,-73.84470367,40.72218323,-73.81276703,40.73204041,1,2.06,9.5,0.5,0.5,2.16,0,,0.3,12.96,1,1
2,5/1/2015 0:04,5/1/2015 0:16,N,1,-73.89103699,40.74695206,-73.86319733,40.7560997,1,2.09,10,0.5,0.5,0,0,,0.3,11.3,2,1
2,5/1/2015 0:04,5/1/2015 0:17,N,1,-73.92563629,40.76764679,-73.88472748,40.74972153,1,3.43,13,0.5,0.5,0,0,,0.3,14.3,2,1
2,5/1/2015 0:05,5/1/2015 0:18,N,1,-73.95526886,40.73588943,-73.96045685,40.71524811,1,2.46,11.5,0.5,0.5,0,0,,0.3,12.8,2,1
2,5/1/2015 0:03,5/1/2015 0:19,N,1,-73.95462799,40.73313141,-73.96369934,40.68274689,1,4.65,16,0.5,0.5,4.32,0,,0.3,21.62,1,1
2,5/1/2015 0:06,5/1/2015 0:21,N,1,-73.8460083,40.72072983,-73.9056778,40.74710083,6,4.2,15.5,0.5,0.5,3.36,0,,0.3,20.16,1,1
2,5/1/2015 0:05,5/1/2015 0:22,N,1,-73.96207428,40.71326828,-73.91598511,40.69815445,1,3.49,14,0.5,0.5,3.06,0,,0.3,18.36,1,1
2,5/1/2015 0:05,5/1/2015 0:23,N,1,-73.95722198,40.72564697,-73.98148346,40.72473526,1,3.42,15,0.5,0.5,0,0,,0.3,16.3,2,1
2,5/1/2015 0:06,5/1/2015 0:25,N,1,-73.92584991,40.8283577,-73.97241211,40.78623581,2,5.92,20.5,0.5,0.5,4.36,0,,0.3,26.16,1,1
2,5/1/2015 0:06,5/1/2015 0:25,N,1,-73.98714447,40.69041061,-73.94648743,40.64918137,5,4.46,16.5,0.5,0.5,0,0,,0.3,17.8,2,1
2,5/1/2015 0:05,5/1/2015 0:13,N,1,-73.93540955,40.69733429,-73.91123962,40.6945076,1,1.73,8.5,0.5,0.5,0,0,,0.3,9.8,2,1
2,5/1/2015 0:06,5/1/2015 0:28,N,1,-73.96115112,40.71464539,-73.99744415,40.74668503,1,4.76,18.5,0.5,0.5,3.96,0,,0.3,23.76,1,1
2,5/1/2015 0:06,5/1/2015 0:27,N,1,-73.95664978,40.71883774,-73.8829422,40.7429657,1,5.01,18.5,0.5,0.5,0,0,,0.3,19.8,2,1
2,5/1/2015 0:04,5/1/2015 0:29,N,1,-73.95741272,40.72233963,-73.98485565,40.66706085,1,5.87,22,0.5,0.5,0,0,,0.3,23.3,2,1
2,5/1/2015 0:05,5/1/2015 0:33,N,1,-73.97263336,40.67737961,-73.98002625,40.7269783,1,4.42,21,0.5,0.5,0,0,,0.3,22.3,2,1
1,5/1/2015 0:06,5/1/2015 0:10,N,1,-73.98148346,40.57678223,-74.00082397,40.57542801,3,1.1,5.5,0.5,0.5,0,0,,0.3,6.8,2,1
1,5/1/2015 0:05,5/1/2015 0:09,N,1,-73.95431519,40.58739471,-73.93939209,40.58678436,1,0.8,4.5,0.5,0.5,0,0,,0.3,5.8,2,1
1,5/1/2015 0:05,5/1/2015 0:13,N,1,-73.89099884,40.74672699,-73.89366913,40.7539978,1,0.9,7,0.5,0.5,0,0,,0.3,8.3,2,1
1,5/1/2015 0:05,5/1/2015 0:10,N,1,-73.98878479,40.6891861,-73.97446442,40.686203,1,0.8,6,0.5,0.5,1.45,0,,0.3,8.75,1,1
1,5/1/2015 0:06,5/1/2015 0:26,N,1,-73.95941162,40.71632767,-73.96723175,40.75824356,1,5.2,19,0.5,0.5,0,0,,0.3,20.3,2,1
1,5/1/2015 0:04,5/1/2015 0:23,N,1,-73.95802307,40.7216301,-73.97492981,40.75303268,1,6,20,0.5,0.5,5.3,0,,0.3,26.6,1,1
1,5/1/2015 0:04,5/1/2015 0:15,N,1,-73.9414444,40.80951691,-73.9679718,40.80220413,1,2.1,10,0.5,0.5,2.25,0,,0.3,13.55,1,1
1,5/1/2015 0:04,5/1/2015 0:06,N,1,-73.91374969,40.80776978,-73.91374969,40.80776978,3,0.3,3.5,0.5,0.5,5,0,,0.3,9.8,1,1
1,5/1/2015 0:03,5/1/2015 0:12,N,1,-73.95123291,40.80508041,-73.96414948,40.80961227,1,1.6,7.5,0.5,0.5,0,0,,0.3,8.8,2,1
2,5/1/2015 0:08,5/1/2015 0:10,N,1,-73.95966339,40.71816635,-73.96320343,40.72050095,1,0.25,3,0.5,0.5,1.29,0,,0.3,5.59,1,1
2,5/1/2015 0:09,5/1/2015 0:10,N,1,-73.95339966,40.7283287,-73.9551239,40.73527145,1,0.48,3.5,0.5,0.5,0,0,,0.3,4.8,2,1
2,5/1/2015 0:07,5/1/2015 0:11,N,1,-73.93682861,40.81244659,-73.94084167,40.81745148,1,0.55,4.5,0.5,0.5,0.75,0,,0.3,6.55,1,1
2,5/1/2015 0:11,5/1/2015 0:11,N,5,-73.92340851,40.67465973,-73.92341614,40.67464447,1,0,16,0,0,0,0,,0,16,1,2
2,5/1/2015 0:07,5/1/2015 0:12,N,5,-73.88367462,40.85626602,-73.88896179,40.84810257,1,0.76,7,0,0,0,0,,0,7,2,2
2,5/1/2015 0:09,5/1/2015 0:13,N,1,-73.95359039,40.79074478,-73.95261383,40.78161621,1,0.89,5,0.5,0.5,0,0,,0.3,6.3,2,1
2,5/1/2015 0:10,5/1/2015 0:13,N,1,-73.91824341,40.81632233,-73.91745758,40.82135391,1,0.41,4,0.5,0.5,1.59,0,,0.3,6.89,1,1
2,5/1/2015 0:07,5/1/2015 0:13,N,1,-73.95685577,40.7209816,-73.94864655,40.72847748,1,0.97,6,0.5,0.5,1.82,0,,0.3,9.12,1,1
2,5/1/2015 0:07,5/1/2015 0:14,N,1,-73.95567322,40.68102264,-73.95589447,40.65905762,1,1.71,8,0.5,0.5,0,0,,0.3,9.3,2,1
2,5/1/2015 0:08,5/1/2015 0:13,N,1,-73.94739532,40.83082962,-73.9385376,40.83769608,1,0.98,6,0.5,0.5,0,0,,0.3,7.3,2,1
2,5/1/2015 0:08,5/1/2015 0:14,N,1,-73.80708313,40.6992836,-73.82046509,40.68763733,1,1.59,7.5,0.5,0.5,0,0,,0.3,8.8,1,1
2,5/1/2015 0:10,5/1/2015 0:15,N,1,-73.92980957,40.67932892,-73.9537735,40.682827,1,1.39,6.5,0.5,0.5,0,0,,0.3,7.8,2,1
2,5/1/2015 0:09,5/1/2015 0:16,N,1,-73.98011017,40.67699432,-73.99234772,40.65980911,1,1.51,7.5,0.5,0.5,0,0,,0.3,8.8,2,1
2,5/1/2015 0:12,5/1/2015 0:16,N,1,-73.91780853,40.77007675,-73.8970108,40.7673912,1,1.93,7.5,0.5,0.5,0,0,,0.3,8.8,2,1
2,5/1/2015 0:10,5/1/2015 0:15,N,1,-73.91941071,40.83294296,-73.9152298,40.81856155,1,1.54,7,0.5,0.5,0,0,,0.3,8.3,2,1
2,5/1/2015 0:07,5/1/2015 0:16,N,1,-73.94041443,40.83942795,-73.95881653,40.81586075,5,1.92,9,0.5,0.5,0,0,,0.3,10.3,2,1
2,5/1/2015 0:07,5/1/2015 0:16,N,1,-73.9633255,40.6937294,-73.95605469,40.71417618,1,2.02,9,0.5,0.5,2.06,0,,0.3,12.36,1,1
2,5/1/2015 0:12,5/1/2015 0:16,N,1,-73.98095703,40.68070221,-73.97343445,40.67271042,1,0.99,5.5,0.5,0.5,1.36,0,,0.3,8.16,1,1
2,5/1/2015 0:10,5/1/2015 0:17,N,1,-73.88642883,40.74737549,-73.91465759,40.74323654,1,1.5,7,0.5,0.5,0,0,,0.3,8.3,2,1
2,5/1/2015 0:11,5/1/2015 0:17,N,1,-73.93332672,40.71002579,-73.95478058,40.70705795,1,1.27,6.5,0.5,0.5,1,0,,0.3,8.8,1,1
2,5/1/2015 0:12,5/1/2015 0:18,N,1,-73.9646225,40.6830368,-73.98180389,40.69840622,1,1.76,7.5,0.5,0.5,0,0,,0.3,8.8,2,1
2,5/1/2015 0:07,5/1/2015 0:17,N,1,-73.9375,40.82365036,-73.86568451,40.92028427,1,8.18,22.5,0.5,0.5,0,0,,0.3,23.8,2,1
2,5/1/2015 0:10,5/1/2015 0:18,N,1,-73.97706604,40.68339157,-73.93436432,40.66721344,2,2.9,10.5,0.5,0.5,2.36,0,,0.3,14.16,1,1
2,5/1/2015 0:12,5/1/2015 0:18,N,1,-73.92189789,40.76039886,-73.91563416,40.77967072,1,1.81,7.5,0.5,0.5,0,0,,0.3,8.8,2,1
2,5/1/2015 0:12,5/1/2015 0:19,N,1,-73.91083527,40.77596283,-73.93304443,40.77077484,1,1.7,8,0.5,0.5,1.86,0,,0.3,11.16,1,1
2,5/1/2015 0:08,5/1/2015 0:19,N,1,-73.98157501,40.57659149,-74.01000214,40.57609558,1,1.96,9,0.5,0.5,0,0,,0.3,10.3,2,1
2,5/1/2015 0:11,5/1/2015 0:19,N,1,-73.96685028,40.71046829,-73.96025085,40.69416809,1,1.33,7.5,0.5,0.5,1.76,0,,0.3,10.56,1,1
2,5/1/2015 0:08,5/1/2015 0:20,N,1,-73.9881897,40.67521667,-73.95269775,40.65294266,1,3.2,12,0.5,0.5,0,0,,0.3,13.3,1,1
2,5/1/2015 0:11,5/1/2015 0:19,N,1,-73.94992065,40.80169296,-73.93798828,40.82794189,1,2.18,9,0.5,0.5,0,0,,0.3,10.3,2,1
2,5/1/2015 0:09,5/1/2015 0:20,N,1,-73.96352386,40.71020889,-73.98406219,40.72532654,1,2.51,11,0.5,0.5,2,0,,0.3,14.3,1,1
2,5/1/2015 0:12,5/1/2015 0:20,N,1,-73.95537567,40.73662186,-73.94992828,40.71101379,1,1.89,8,0.5,0.5,0,0,,0.3,9.3,2,1
2,5/1/2015 0:07,5/1/2015 0:21,N,1,-73.95758057,40.71777725,-73.98478699,40.72421265,5,2.66,12.5,0.5,0.5,2.76,0,,0.3,16.56,1,1
2,5/1/2015 0:07,5/1/2015 0:21,N,1,-73.95821381,40.71732712,-73.91130829,40.70861816,1,3.23,12.5,0.5,0.5,2.76,0,,0.3,16.56,1,1
2,5/1/2015 0:11,5/1/2015 0:21,N,1,-73.92323303,40.81655502,-73.95196533,40.77897644,1,3.12,11.5,0.5,0.5,0,0,,0.3,12.8,2,1
2,5/1/2015 0:09,5/1/2015 0:25,N,1,-73.93701172,40.70225143,-73.93943024,40.75166321,1,4.28,15.5,0.5,0.5,1.5,0,,0.3,18.3,1,1
2,5/1/2015 0:11,5/1/2015 0:25,N,1,-73.96954346,40.68947983,-73.95842743,40.73474121,3,4.02,14,0.5,0.5,3.06,0,,0.3,18.36,1,1
2,5/1/2015 0:09,5/1/2015 0:26,N,1,-73.95761871,40.7222023,-73.96834564,40.67926788,1,3.63,14.5,0.5,0.5,3.16,0,,0.3,18.96,1,1
2,5/1/2015 0:10,5/1/2015 0:27,N,1,-73.95727539,40.71828842,-73.9620285,40.76302719,1,4.71,17,0.5,0.5,0,0,,0.3,18.3,2,1
2,5/1/2015 0:09,5/1/2015 0:26,N,1,-73.88452911,40.83094025,-73.94328308,40.78920746,1,5.27,18,0.5,0.5,0,0,,0.3,19.3,2,1
2,5/1/2015 0:06,5/1/2015 0:26,N,1,-73.97027588,40.68068695,-74.00722504,40.70528412,1,4.71,16.5,0.5,0.5,0,0,,0.3,17.8,2,1
2,5/1/2015 0:10,5/1/2015 0:27,N,1,-73.93708801,40.70927811,-73.98004913,40.72940063,1,3.94,15.5,0.5,0.5,0,0,,0.3,16.8,2,1
2,5/1/2015 0:07,5/1/2015 0:31,N,1,-73.88321686,40.75585175,-73.88925171,40.74703979,2,3.61,17.5,0.5,0.5,0,0,,0.3,18.8,2,1
2,5/1/2015 0:11,5/1/2015 0:32,N,1,-73.9553833,40.73666382,-73.9154129,40.77065659,1,4.1,17.5,0.5,0.5,1,0,,0.3,19.8,1,1
2,5/1/2015 0:11,5/1/2015 0:33,N,1,-73.97982025,40.66882706,-73.89803314,40.6493988,1,5.88,20.5,0.5,0.5,0,0,,0.3,21.8,2,1
2,5/1/2015 0:07,5/1/2015 0:34,N,1,-73.9568634,40.71268463,-73.98013306,40.78358841,1,8.51,28.5,0.5,0.5,4.2,0,,0.3,34,1,1
2,5/1/2015 0:12,5/1/2015 0:39,N,1,-73.89162445,40.74898529,-73.70347595,40.72153854,1,14.49,41,0.5,0.5,5,0,,0.3,47.3,1,1
2,5/1/2015 0:11,5/1/2015 0:39,N,1,-73.95741272,40.71456146,-73.98258972,40.77722549,1,6.86,25,0.5,0.5,6,0,,0.3,32.3,1,1
2,5/1/2015 0:07,5/1/2015 0:40,N,1,-73.92206573,40.75527573,-73.93264771,40.71386337,5,5,22.5,0.5,0.5,0,0,,0.3,23.8,2,1
2,5/1/2015 0:05,5/1/2015 0:10,N,1,-73.95747375,40.8013916,-73.94039154,40.81465149,1,1.59,6.5,0.5,0.5,0,0,,0.3,7.8,2,1
2,5/1/2015 0:04,5/1/2015 0:10,N,1,-73.94108582,40.79636383,-73.95493317,40.78349304,1,1.48,7,0.5,0.5,0,0,,0.3,8.3,1,1
2,5/1/2015 0:05,5/1/2015 0:10,N,1,-73.94676971,40.80089188,-73.9440918,40.8138237,1,1.04,6,0.5,0.5,0,0,,0.3,7.3,2,1
2,5/1/2015 0:03,5/1/2015 0:10,N,1,-73.9263916,40.75938034,-73.90567017,40.76796341,2,1.6,7.5,0.5,0.5,0,0,,0.3,8.8,2,1
2,5/1/2015 0:03,5/1/2015 0:11,N,1,-73.97580719,40.68704224,-73.94982147,40.67792511,1,1.62,7.5,0.5,0.5,0,0,,0.3,8.8,2,1
2,5/1/2015 0:06,5/1/2015 0:13,N,1,-73.94404602,40.8096199,-73.93533325,40.82717896,1,1.63,7,0.5,0.5,0,0,,0.3,8.3,2,1
2,5/1/2015 0:04,5/1/2015 0:13,N,1,-73.97883606,40.68346786,-73.95127869,40.68244934,1,1.89,9,0.5,0.5,0,0,,0.3,10.3,2,1
2,5/1/2015 0:03,5/1/2015 0:14,N,1,-73.83058929,40.75944519,-73.84572601,40.78694916,1,2.42,10,0.5,0.5,0,0,,0.3,11.3,2,1
2,5/1/2015 0:05,5/1/2015 0:15,N,1,-73.89082336,40.74651718,-73.86537933,40.73569107,1,1.75,8.5,0.5,0.5,0,0,,0.3,9.8,2,1
2,5/1/2015 0:05,5/1/2015 0:11,N,1,-73.96134949,40.71645737,-73.95651245,40.73214722,2,1.34,6.5,0.5,0.5,1.56,0,,0.3,9.36,1,1
2,5/1/2015 0:05,5/1/2015 0:16,N,1,-73.95802307,40.72186661,-73.98406219,40.69844055,1,3.66,13,0.5,0.5,2,0,,0.3,16.3,1,1
2,5/1/2015 0:05,5/1/2015 0:15,N,1,-73.96047211,40.80747223,-73.93608856,40.83092117,1,2.69,10.5,0.5,0.5,0,0,,0.3,11.8,2,1
2,5/1/2015 0:05,5/1/2015 0:16,N,1,-73.9598465,40.71385193,-73.95265198,40.67786026,1,2.98,11.5,0.5,0.5,2.56,0,,0.3,15.36,1,1
2,5/1/2015 0:06,5/1/2015 0:17,N,1,-73.95527649,40.80465698,-73.94950867,40.82447052,1,1.61,9,0.5,0.5,0,0,,0.3,10.3,2,1
2,5/1/2015 0:04,5/1/2015 0:19,N,1,-73.95297241,40.8078804,-73.9078598,40.83720779,1,3.79,14,0.5,0.5,0,0,,0.3,15.3,2,1
2,5/1/2015 0:06,5/1/2015 0:18,N,1,-73.89544678,40.74845886,-73.87368011,40.72825623,1,2.34,10.5,0.5,0.5,0,0,,0.3,11.8,2,1
2,5/1/2015 0:05,5/1/2015 0:26,N,1,-73.94477844,40.81399155,-73.93857574,40.83802032,1,5.23,19,0.5,0.5,0,0,,0.3,20.3,2,1
2,5/1/2015 0:04,5/1/2015 0:26,N,1,-73.95771027,40.72996521,-73.95070648,40.66963577,1,4.99,18.5,0.5,0.5,0,0,,0.3,19.8,2,1
2,5/1/2015 0:04,5/1/2015 0:27,N,1,-73.95654297,40.71692657,-74.00099945,40.73158646,1,3.58,17.5,0.5,0.5,3.76,0,,0.3,22.56,1,1
2,5/1/2015 0:05,5/1/2015 0:30,N,1,-73.96203613,40.71602631,-73.95986176,40.77068329,1,6.94,25,0.5,0.5,7.89,0,,0.3,34.19,1,1
2,5/1/2015 0:06,5/1/2015 0:40,N,1,-73.84468842,40.75828171,-74.01963043,40.63313293,5,17.58,50,0.5,0.5,15.39,0,,0.3,66.69,1,1
1,5/1/2015 0:06,5/1/2015 0:23,N,1,-73.95166779,40.72530365,-73.91911316,40.76577377,1,4.3,15.5,0.5,0.5,2,0,,0.3,18.8,1,1
1,5/1/2015 0:05,5/1/2015 0:12,N,5,-73.89031219,40.81879044,-73.90114594,40.8207283,1,0.8,0,0,0,0,0,,0,0,2,2
1,5/1/2015 0:05,5/1/2015 1:18,N,1,-73.98190308,40.5769577,-73.96115112,40.57930374,1,10.2,48.5,0.5,0.5,0,0,,0.3,49.8,2,1
1,5/1/2015 0:04,5/1/2015 0:27,N,1,-73.95676422,40.71295166,-73.96385193,40.77290726,1,6.6,22.5,0.5,0.5,0,0,,0.3,23.8,2,1
1,5/1/2015 0:04,5/1/2015 0:09,N,1,-73.97883606,40.68395615,-73.97900391,40.67419815,1,0.9,6,0.5,0.5,0,0,,0.3,7.3,2,1
2,5/1/2015 0:07,5/1/2015 0:10,N,1,-73.84423828,40.72130203,-73.85797119,40.7259903,5,0.92,5,0.5,0.5,0,0,,0.3,6.3,2,1
2,5/1/2015 0:08,5/1/2015 0:10,N,1,-73.91890717,40.75915146,-73.91413879,40.76518631,1,0.49,3.5,0.5,0.5,0,0,,0.3,4.8,2,1
2,5/1/2015 0:10,5/1/2015 0:12,N,2,-73.88414764,40.74754333,-73.88323212,40.74805069,1,0.06,52,0,0.5,0,0,,0.3,52.8,2,1
2,5/1/2015 0:08,5/1/2015 0:13,N,1,-73.95249176,40.80324554,-73.96688843,40.80410385,1,1.17,6.5,0.5,0.5,1,0,,0.3,8.8,1,1
2,5/1/2015 0:09,5/1/2015 0:13,N,1,-73.98406219,40.66791916,-73.9705658,40.68074799,1,1.15,6,0.5,0.5,0,0,,0.3,7.3,2,1
2,5/1/2015 0:08,5/1/2015 0:13,N,1,-73.93767548,40.80455399,-73.91752625,40.80656815,1,1.38,6.5,0.5,0.5,0,0,,0.3,7.8,2,1
2,5/1/2015 0:11,5/1/2015 0:14,N,1,-73.95186615,40.80940628,-73.96052551,40.80000305,1,0.86,4.5,0.5,0.5,1.16,0,,0.3,6.96,1,1
2,5/1/2015 0:07,5/1/2015 0:14,N,1,-73.99423218,40.68594742,-73.97309113,40.68923187,2,1.67,7,0.5,0.5,1.66,0,,0.3,9.96,1,1
2,5/1/2015 0:08,5/1/2015 0:13,N,1,-73.96411133,40.80753326,-73.95288849,40.81102753,1,0.94,5.5,0.5,0.5,0,0,,0.3,6.8,2,1
2,5/1/2015 0:09,5/1/2015 0:14,N,1,-73.98917389,40.69217682,-74.00166321,40.68724442,1,1.05,5.5,0.5,0.5,1.36,0,,0.3,8.16,1,1
2,5/1/2015 0:11,5/1/2015 0:14,N,1,-73.94249725,40.78649139,-73.94942474,40.78097916,1,0.65,4.5,0.5,0.5,1.16,0,,0.3,6.96,1,1
2,5/1/2015 0:11,5/1/2015 0:14,N,1,-73.97991943,40.67627335,-73.98808289,40.66717148,1,0.73,4.5,0.5,0.5,0,0,,0.3,5.8,2,1
2,5/1/2015 0:08,5/1/2015 0:15,N,1,-73.94268799,40.83718109,-73.93063354,40.85576248,1,1.49,7,0.5,0.5,0,0,,0.3,8.3,2,1
2,5/1/2015 0:11,5/1/2015 0:13,N,1,-73.94766998,40.80968857,-73.94082642,40.81201172,1,0.53,4,0.5,0.5,0,0,,0.3,5.3,1,1
2,5/1/2015 0:07,5/1/2015 0:14,N,1,-73.94841766,40.80904388,-73.96387482,40.79521561,1,1.45,7.5,0.5,0.5,0,0,,0.3,8.8,2,1
2,5/1/2015 0:08,5/1/2015 0:15,N,1,-73.84431458,40.72135162,-73.86116028,40.71891785,1,1.11,6.5,0.5,0.5,1,0,,0.3,8.8,1,1
2,5/1/2015 0:07,5/1/2015 0:16,N,1,-73.95179749,40.71505356,-73.97293091,40.68594742,6,2.9,10.5,0.5,0.5,2.36,0,,0.3,14.16,1,1
2,5/1/2015 0:10,5/1/2015 0:16,N,1,-73.97738647,40.68389511,-73.96965027,40.68622589,1,0.81,5.5,0.5,0.5,1.36,0,,0.3,8.16,1,1
2,5/1/2015 0:08,5/1/2015 0:17,N,1,-73.95176697,40.71474457,-73.96278381,40.7122612,1,0.76,6.5,0.5,0.5,0,0,,0.3,7.8,2,1
2,5/1/2015 0:07,5/1/2015 0:17,N,1,-73.95368958,40.67442322,-73.95175171,40.64388657,2,0,7.5,0.5,0.5,0,0,,0.3,8.8,2,1
2,5/1/2015 0:08,5/1/2015 0:18,N,1,-73.89087677,40.74700165,-73.92232513,40.76306152,1,2.1,9.5,0.5,0.5,1,0,,0.3,11.8,1,1
2,5/1/2015 0:09,5/1/2015 0:18,N,1,-73.93121338,40.668293,-73.93125916,40.68626022,1,1.71,8.5,0.5,0.5,0,0,,0.3,9.8,2,1
2,5/1/2015 0:11,5/1/2015 0:18,N,1,-73.93388367,40.69197464,-73.93894958,40.67555618,1,1.55,7,0.5,0.5,0,0,,0.3,8.3,1,1
2,5/1/2015 0:12,5/1/2015 0:19,N,1,-73.94529724,40.8075943,-73.93692017,40.79919052,1,0.94,6,0.5,0.5,0,0,,0.3,7.3,2,1
2,5/1/2015 0:10,5/1/2015 0:18,N,1,-73.95848846,40.71905518,-73.95899963,40.69932556,1,1.81,9,0.5,0.5,0,0,,0.3,10.3,2,1
2,5/1/2015 0:10,5/1/2015 0:20,N,1,-73.94261169,40.84108353,-73.96650696,40.7992363,1,3.66,12,0.5,0.5,3.32,0,,0.3,16.62,1,1
2,5/1/2015 0:10,5/1/2015 0:20,N,1,-73.87329865,40.74878693,-73.90146637,40.74691772,1,1.43,7.5,0.5,0.5,0,0,,0.3,8.8,2,1
2,5/1/2015 0:11,5/1/2015 0:21,N,1,-73.80755615,40.69995117,-73.80636597,40.7248764,1,2.57,10,0.5,0.5,2,0,,0.3,13.3,1,1
2,5/1/2015 0:12,5/1/2015 0:21,N,1,-73.94042969,40.79330826,-73.92955017,40.80960083,1,1.77,8.5,0.5,0.5,2.45,0,,0.3,12.25,1,1
2,5/1/2015 0:09,5/1/2015 0:20,N,1,-73.96902466,40.69320679,-73.95033264,40.67171097,1,2.52,10.5,0.5,0.5,0,0,,0.3,11.8,2,1
2,5/1/2015 0:07,5/1/2015 0:21,N,1,-73.94760132,40.82539368,-73.94976044,40.78744507,1,3.4,13.5,0.5,0.5,3.7,0,,0.3,18.5,1,1
2,5/1/2015 0:12,5/1/2015 0:24,N,1,-73.99204254,40.66630554,-73.9931488,40.66160965,1,1.6,9,0.5,0.5,2.06,0,,0.3,12.36,1,1
2,5/1/2015 0:09,5/1/2015 0:24,N,1,-73.94059753,40.82471466,-73.9750824,40.78262329,1,0.27,10,0.5,0.5,0,0,,0.3,11.3,2,1
2,5/1/2015 0:11,5/1/2015 0:25,N,1,-73.9679718,40.69321823,-73.92040253,40.70664597,1,2.95,12,0.5,0.5,0,0,,0.3,13.3,2,1
2,5/1/2015 0:10,5/1/2015 0:26,N,1,-73.98667145,40.70404053,-73.93331909,40.70563889,1,3.38,13.5,0.5,0.5,4.44,0,,0.3,19.24,1,1
2,5/1/2015 0:12,5/1/2015 0:28,N,1,-73.95767975,40.71792603,-73.98860168,40.72666931,1,3.16,14,0.5,0.5,0,0,,0.3,15.3,2,1
2,5/1/2015 0:07,5/1/2015 0:29,N,1,-73.93799591,40.70863724,-74.00033569,40.72865677,1,4.11,17.5,0.5,0.5,3.5,0,,0.3,22.3,1,1
2,5/1/2015 0:10,5/1/2015 0:28,N,1,-73.88341522,40.74761581,-73.79354858,40.73187637,1,6.61,21.5,0.5,0.5,4.56,0,,0.3,27.36,1,1
2,5/1/2015 0:12,5/1/2015 0:28,N,1,-73.95763397,40.71774292,-73.91863251,40.69876862,1,3.26,13.5,0.5,0.5,0,0,,0.3,14.8,2,1
2,5/1/2015 0:10,5/1/2015 0:29,N,1,-73.93225861,40.7034111,-73.99604797,40.71149445,1,4.55,17,0.5,0.5,3.66,0,,0.3,21.96,1,1
2,5/1/2015 0:12,5/1/2015 0:29,N,1,-73.95642853,40.72323608,-73.99651337,40.72114563,1,3.3,14.5,0.5,0.5,1.5,0,,0.3,17.3,1,1
2,5/1/2015 0:12,5/1/2015 0:34,N,1,-73.99964142,40.57519531,-73.98365021,40.57538223,1,2.96,16.5,0.5,0.5,0,0,,0.3,17.8,2,1
2,5/1/2015 0:10,5/1/2015 0:35,N,1,-73.99222565,40.68961716,-73.91608429,40.65764618,1,5.39,20.5,0.5,0.5,2,0,,0.3,23.8,1,1
2,5/1/2015 0:11,5/1/2015 0:36,N,1,-73.99429321,40.70297623,-74.0039444,40.70776367,1,3.28,18.5,0.5,0.5,0,0,,0.3,19.8,2,1
2,5/1/2015 0:12,5/1/2015 0:38,N,1,-73.93914032,40.80534363,-73.82034302,40.94638062,1,14.27,40,0.5,0.5,0,0,,0.3,41.3,2,1
2,5/1/2015 0:12,5/1/2015 0:40,N,1,-73.95740509,40.71489716,-73.96233368,40.64454269,1,8.72,29.5,0.5,0.5,6,0,,0.3,36.8,1,1
2,5/1/2015 0:10,5/1/2015 0:41,N,1,-73.95437622,40.73036957,-74.01361084,40.71365738,1,8.33,29,0.5,0.5,6.06,0,,0.3,36.36,1,1
2,5/1/2015 0:09,5/1/2015 0:42,N,1,-73.87992096,40.74808121,-73.98690796,40.75863647,1,6.51,26,0.5,0.5,1,0,,0.3,28.3,1,1
2,5/1/2015 0:11,5/1/2015 0:14,N,1,-73.86930847,40.74935913,-73.87007904,40.75720215,1,0.7,4.5,0.5,0.5,0,0,,0.3,5.8,2,1
2,5/1/2015 0:09,5/1/2015 0:15,N,1,-73.82778931,40.69356155,-73.80747986,40.67229843,1,2.07,8,0.5,0.5,0,0,,0.3,9.3,2,1
2,5/1/2015 0:11,5/1/2015 0:14,N,1,-73.94541168,40.80829239,-73.95552063,40.80439758,1,0.83,5,0.5,0.5,0,0,,0.3,6.3,2,1
2,5/1/2015 0:10,5/1/2015 0:15,N,1,-73.89590454,40.73237228,-73.90362549,40.71350861,1,1.74,7,0.5,0.5,0,0,,0.3,8.3,2,1
2,5/1/2015 0:10,5/1/2015 0:15,N,1,-73.91555023,40.76417542,-73.91866302,40.77328873,5,0.95,6,0.5,0.5,1.82,0,,0.3,9.12,1,1
2,5/1/2015 0:08,5/1/2015 0:16,N,1,-73.80809784,40.69898224,-73.79593658,40.66771317,1,2.82,10.5,0.5,0.5,2,0,,0.3,13.8,1,1
2,5/1/2015 0:07,5/1/2015 0:17,N,1,-73.91958618,40.75830078,-73.92913055,40.77592087,1,2.23,9.5,0.5,0.5,2.16,0,,0.3,12.96,1,1
2,5/1/2015 0:11,5/1/2015 0:17,N,1,-73.92956543,40.81254196,-73.91934204,40.82330322,1,0.99,6,0.5,0.5,0,0,,0.3,7.3,1,1
2,5/1/2015 0:12,5/1/2015 0:17,N,1,-73.95947266,40.71622086,-73.95162201,40.71503067,1,0.6,5.5,0.5,0.5,1.36,0,,0.3,8.16,1,1
2,5/1/2015 0:11,5/1/2015 0:17,N,1,-73.8697052,40.73355865,-73.86066437,40.73565292,1,0.95,6.5,0.5,0.5,0,0,,0.3,7.8,2,1
2,5/1/2015 0:10,5/1/2015 0:17,N,1,-73.97427368,40.68724442,-73.94270325,40.6908989,2,1.66,7.5,0.5,0.5,0,0,,0.3,8.8,2,1
2,5/1/2015 0:06,5/1/2015 0:17,N,1,-73.95825195,40.71730042,-73.97018433,40.68486786,1,3.04,11.5,0.5,0.5,1,0,,0.3,13.8,1,1
2,5/1/2015 0:11,5/1/2015 0:17,N,1,-73.94932556,40.80180359,-73.93703461,40.7977066,1,0.95,6,0.5,0.5,0,0,,0.3,7.3,2,1
2,5/1/2015 0:07,5/1/2015 0:17,N,1,-73.93236542,40.80031967,-73.87528992,40.83225632,1,4.38,14,0.5,0.5,0,0,,0.3,15.3,1,1
2,5/1/2015 0:12,5/1/2015 0:16,N,1,-73.95713806,40.71445465,-73.95624542,40.72342682,1,1.07,5.5,0.5,0.5,0,0,,0.3,6.8,2,1
2,5/1/2015 0:12,5/1/2015 0:18,N,1,-73.89100647,40.74692154,-73.88572693,40.75261307,1,0.82,6,0.5,0.5,1,0,,0.3,8.3,1,1
2,5/1/2015 0:09,5/1/2015 0:18,N,1,-73.82981873,40.75959015,-73.81362915,40.78573608,1,2.92,11,0.5,0.5,0,0,,0.3,12.3,2,1
2,5/1/2015 0:08,5/1/2015 0:19,N,1,-73.95134735,40.71251678,-73.98867035,40.71948242,1,2.66,10.5,0.5,0.5,0,0,,0.3,11.8,2,1
2,5/1/2015 0:12,5/1/2015 0:19,N,1,-73.95509338,40.80429077,-73.93435669,40.7974205,1,1.29,7.5,0.5,0.5,0,0,,0.3,8.8,1,1
2,5/1/2015 0:10,5/1/2015 0:19,N,1,-73.9391861,40.80542755,-73.95426941,40.82474136,2,2.02,9.5,0.5,0.5,0,0,,0.3,10.8,2,1
2,5/1/2015 0:12,5/1/2015 0:20,N,1,-73.86968994,40.7334938,-73.87651062,40.74802017,1,1.54,7.5,0.5,0.5,0,0,,0.3,8.8,2,1
2,5/1/2015 0:12,5/1/2015 0:20,N,1,-73.86242676,40.73039627,-73.88853455,40.74642563,1,1.88,8.5,0.5,0.5,2.94,0,,0.3,12.74,1,1
2,5/1/2015 0:08,5/1/2015 0:21,N,1,-73.91542816,40.77242661,-73.91400909,40.7461319,2,3.01,12,0.5,0.5,2.66,0,,0.3,15.96,1,1
2,5/1/2015 0:08,5/1/2015 0:21,N,5,-73.86709595,40.83657837,-73.91912842,40.80759048,1,4.56,12,0,0,0,0,,0,12,2,2
2,5/1/2015 0:09,5/1/2015 0:22,N,1,-73.95687866,40.71868134,-73.98925781,40.72631073,1,3.1,12,0.5,0.5,0,0,,0.3,13.3,2,1
2,5/1/2015 0:08,5/1/2015 0:22,N,1,-73.9328537,40.85066986,-73.89510345,40.8672142,1,3.58,13.5,0.5,0.5,0,0,,0.3,14.8,2,1
2,5/1/2015 0:06,5/1/2015 0:22,N,1,-73.95172882,40.71479034,-73.97732544,40.74271011,1,4.46,16,0.5,0.5,3.46,0,,0.3,20.76,1,1
2,5/1/2015 0:08,5/1/2015 0:23,N,1,-73.95696259,40.71257019,-73.91931152,40.68785858,1,2.91,12.5,0.5,0.5,2.76,0,,0.3,16.56,1,1
2,5/1/2015 0:10,5/1/2015 0:23,N,1,-73.88933563,40.74700165,-73.92093658,40.75666046,1,1.98,10.5,0.5,0.5,0,0,,0.3,11.8,2,1
2,5/1/2015 0:09,5/1/2015 0:24,N,1,-73.96154785,40.71421051,-73.99680328,40.72213364,1,2.8,13,0.5,0.5,0,0,,0.3,14.3,2,1
2,5/1/2015 0:10,5/1/2015 0:25,N,1,-73.97773743,40.67179871,-74.02626801,40.62000275,1,5.57,18.5,0.5,0.5,0,0,,0.3,19.8,2,1
2,5/1/2015 0:09,5/1/2015 0:25,N,1,-73.98786163,40.69029999,-73.96136475,40.64722443,1,3.65,14.5,0.5,0.5,0,0,,0.3,15.8,1,1
2,5/1/2015 0:12,5/1/2015 0:23,N,1,-73.82983398,40.71366119,-73.8741684,40.75779343,1,5.59,17,0.5,0.5,0,0,,0.3,18.3,2,1
2,5/1/2015 0:10,5/1/2015 0:26,N,1,-73.96593475,40.68340683,-73.90876007,40.65451813,5,4.55,16,0.5,0.5,0,0,,0.3,17.3,2,1
2,5/1/2015 0:11,5/1/2015 0:27,N,1,-73.95509338,40.80443192,-73.94006348,40.84658813,1,3.96,15.5,0.5,0.5,5.04,0,,0.3,21.84,1,1
2,5/1/2015 0:07,5/1/2015 0:26,N,1,-73.95518494,40.73571777,-73.97502899,40.78266907,2,5.77,19.5,0.5,0.5,0,0,,0.3,20.8,2,1
2,5/1/2015 0:11,5/1/2015 0:33,N,1,-73.95172119,40.71476364,-74.00151825,40.73735809,1,4.13,17.5,0.5,0.5,3.76,0,,0.3,22.56,1,1
2,5/1/2015 0:10,5/1/2015 0:15,N,1,-73.84395599,40.72089386,-73.8591156,40.72559357,1,1.09,6,0.5,0.5,1.46,0,,0.3,8.76,1,1
2,5/1/2015 0:07,5/1/2015 0:15,N,1,-73.88057709,40.74814606,-73.85400391,40.75212097,3,1.78,8,0.5,0.5,0,0,,0.3,9.3,2,1
2,5/1/2015 0:07,5/1/2015 0:15,N,1,-73.94987488,40.68041229,-73.94004822,40.66217041,1,1.84,8,0.5,0.5,0,0,,0.3,9.3,1,1
2,5/1/2015 0:11,5/1/2015 0:16,N,1,-73.96353149,40.71016693,-73.95320129,40.70563126,1,0.65,5,0.5,0.5,0,0,,0.3,6.3,2,1
2,5/1/2015 0:12,5/1/2015 0:16,N,1,-73.87870026,40.75636673,-73.87625885,40.76278305,1,0.69,4.5,0.5,0.5,0,0,,0.3,5.8,1,1
2,5/1/2015 0:08,5/1/2015 0:16,N,1,-73.92681885,40.86569977,-73.90386963,40.88230133,1,1.8,8,0.5,0.5,0,0,,0.3,9.3,2,1
2,5/1/2015 0:06,5/1/2015 0:16,N,1,-73.94450378,40.8266716,-73.92008972,40.80369186,5,2.92,11.5,0.5,0.5,2.56,0,,0.3,15.36,1,1
2,5/1/2015 0:08,5/1/2015 0:17,N,1,-73.98162079,40.57685852,-73.99318695,40.57567215,1,1.72,8.5,0.5,0.5,0,0,,0.3,9.8,2,1
2,5/1/2015 0:12,5/1/2015 0:17,N,1,-73.95719147,40.71836472,-73.94907379,40.71188354,1,0.79,5.5,0.5,0.5,1.36,0,,0.3,8.16,1,1
2,5/1/2015 0:08,5/1/2015 0:17,N,1,-73.84428406,40.72132492,-73.86071777,40.71580124,1,1.55,8,0.5,0.5,0,0,,0.3,9.3,2,1
2,5/1/2015 0:11,5/1/2015 0:16,N,1,-73.99253845,40.66560745,-73.99124908,40.66371155,1,0.29,5,0.5,0.5,0,0,,0.3,6.3,2,1
2,5/1/2015 0:12,5/1/2015 0:18,N,1,-74.01488495,40.67575455,-74.00017548,40.6861496,1,1.24,6.5,0.5,0.5,2,0,,0.3,9.8,1,1
2,5/1/2015 0:07,5/1/2015 0:18,N,1,-73.95132446,40.71247101,-73.9925766,40.71532822,1,2.67,11,0.5,0.5,2,0,,0.3,14.3,1,1
2,5/1/2015 0:09,5/1/2015 0:19,N,1,-73.98993683,40.69029999,-73.96463776,40.70340729,1,2.47,10.5,0.5,0.5,0,0,,0.3,11.8,2,1
2,5/1/2015 0:11,5/1/2015 0:19,N,1,-73.97844696,40.68402863,-73.94498444,40.67017365,1,2.39,9,0.5,0.5,2.58,0,,0.3,12.88,1,1
2,5/1/2015 0:12,5/1/2015 0:19,N,1,-73.98910522,40.67007065,-74.00192261,40.65646744,1,1.38,7,0.5,0.5,0,0,,0.3,8.3,2,1
2,5/1/2015 0:09,5/1/2015 0:19,N,1,-73.97554016,40.68715668,-73.95035553,40.67133713,1,2.01,9,0.5,0.5,0,0,,0.3,10.3,2,1
2,5/1/2015 0:09,5/1/2015 0:19,N,1,-73.99185944,40.66136932,-74.0303421,40.61649704,1,5.22,16.5,0.5,0.5,3.56,0,,0.3,21.36,1,1
2,5/1/2015 0:11,5/1/2015 0:19,N,1,-73.89096832,40.74686813,-73.86964417,40.74864578,1,1.14,7,0.5,0.5,0,0,,0.3,8.3,2,1
2,5/1/2015 0:11,5/1/2015 0:20,N,1,-73.96548462,40.80566788,-73.94842529,40.82175064,1,1.78,8.5,0.5,0.5,1.96,0,,0.3,11.76,1,1
2,5/1/2015 0:08,5/1/2015 0:20,N,1,-73.96647644,40.71068192,-73.95220947,40.68902969,1,2.03,10,0.5,0.5,2.26,0,,0.3,13.56,1,1
2,5/1/2015 0:12,5/1/2015 0:21,N,1,-73.97800446,40.68464661,-73.96257782,40.65871048,2,2.11,9,0.5,0.5,2.06,0,,0.3,12.36,1,1
2,5/1/2015 0:07,5/1/2015 0:21,N,1,-73.99407959,40.66543198,-73.9887619,40.72255325,3,5.44,17.5,0.5,0.5,4.7,0,,0.3,23.5,1,1
2,5/1/2015 0:11,5/1/2015 0:21,N,1,-73.93156433,40.67951584,-73.97428894,40.69333649,1,2.78,10.5,0.5,0.5,2.95,0,,0.3,14.75,1,1
2,5/1/2015 0:10,5/1/2015 0:22,N,1,-73.95677948,40.71285248,-73.90537262,40.71285629,2,2.81,11,0.5,0.5,2.46,0,,0.3,14.76,1,1
2,5/1/2015 0:10,5/1/2015 0:22,N,1,-73.93888092,40.80529022,-73.96568298,40.80217361,1,2.18,10.5,0.5,0.5,2.36,0,,0.3,14.16,1,1
2,5/1/2015 0:12,5/1/2015 0:22,N,1,-73.82989502,40.75963593,-73.80155945,40.7781868,1,2.6,10,0.5,0.5,2.82,0,,0.3,14.12,1,1
2,5/1/2015 0:12,5/1/2015 0:23,N,1,-73.89107513,40.74688721,-73.92194366,40.75540924,1,2.03,10,0.5,0.5,2,0,,0.3,13.3,1,1
2,5/1/2015 0:09,5/1/2015 0:24,N,1,-73.96271515,40.68853378,-73.92163849,40.65990829,1,4,13.5,0.5,0.5,0,0,,0.3,14.8,2,1
2,5/1/2015 0:11,5/1/2015 0:25,N,1,-73.96060181,40.71956635,-73.98083496,40.73353958,1,3.7,13.5,0.5,0.5,2.96,0,,0.3,17.76,1,1
2,5/1/2015 0:11,5/1/2015 0:26,N,1,-73.96421051,40.80795288,-74.00452423,40.75219345,1,5.16,18,0.5,0.5,0,0,,0.3,19.3,1,1
2,5/1/2015 0:10,5/1/2015 0:26,N,1,-73.94284821,40.74709702,-73.92915344,40.70037842,1,4.39,16,0.5,0.5,3,0,,0.3,20.3,1,1
2,5/1/2015 0:06,5/1/2015 0:27,N,1,-73.92554474,40.7617836,-73.96774292,40.79260254,1,5.78,20,0.5,0.5,4.26,0,,0.3,25.56,1,1
2,5/1/2015 0:10,5/1/2015 0:27,N,1,-73.95854187,40.72211075,-73.99711609,40.7221489,1,3.39,14.5,0.5,0.5,4.74,0,,0.3,20.54,1,1
2,5/1/2015 0:08,5/1/2015 0:29,N,1,-73.95594788,40.714077,-73.97478485,40.64485931,1,7.67,25.5,0.5,0.5,6.7,0,,0.3,33.5,1,1
2,5/1/2015 0:09,5/1/2015 0:32,N,1,-73.92310333,40.69320679,-73.99313354,40.71977615,2,4.47,19,0.5,0.5,2.5,0,,0.3,22.8,1,1
2,5/1/2015 0:12,5/1/2015 0:32,N,1,-73.991745,40.68083191,-73.93063354,40.66700745,1,4.54,18,0.5,0.5,0,0,,0.3,19.3,2,1
2,5/1/2015 0:08,5/1/2015 1:02,N,5,-73.95163727,40.79883194,-73.9797287,40.72532654,1,7.63,22,0,0,0,0,,0,22,2,2
1,5/1/2015 0:12,5/1/2015 0:33,N,1,-73.92930603,40.80964661,-73.99593353,40.72061539,1,9.2,28,0.5,0.5,4,0,,0.3,33.3,1,1
1,5/1/2015 0:12,5/1/2015 0:24,N,1,-73.91389465,40.83895111,-73.94837952,40.82955551,1,2.6,11.5,0.5,0.5,0,0,,0.3,12.8,2,1
1,5/1/2015 0:11,5/1/2015 0:27,Y,1,-73.95594025,40.71406174,-73.97445679,40.67609024,1,4.1,15.5,0.5,0.5,5,0,,0.3,21.8,1,1
1,5/1/2015 0:11,5/1/2015 0:16,N,1,-73.8695755,40.74905777,-73.88231659,40.74781799,1,0.8,5,0.5,0.5,0,0,,0.3,6.3,2,1
1,5/1/2015 0:11,5/1/2015 0:16,N,1,-73.96277618,40.71731949,-73.95092773,40.72373581,1,0.9,5,0.5,0.5,1.55,0,,0.3,7.85,1,1
1,5/1/2015 0:10,5/1/2015 0:22,N,1,-73.91412354,40.81895447,-73.94937134,40.79361725,1,2.8,11,0.5,0.5,0,0,,0.3,12.3,2,1
1,5/1/2015 0:10,5/1/2015 0:18,N,5,-73.90593719,40.84313965,-73.92513275,40.82772827,2,2.8,8,0,0,0,0,,0,8,2,2
1,5/1/2015 0:09,5/1/2015 0:15,N,1,-73.98477173,40.68685913,-73.95526886,40.6790123,1,1.6,7.5,0.5,0.5,15,0,,0.3,23.8,1,1
1,5/1/2015 0:08,5/1/2015 0:13,N,1,-73.86244202,40.73041534,-73.8602829,40.73451996,1,0.7,5,0.5,0.5,0,0,,0.3,6.3,2,1
1,5/1/2015 0:08,5/1/2015 0:16,N,1,-73.94213104,40.67288589,-73.95326233,40.67112732,1,1.2,7.5,0.5,0.5,1.75,0,,0.3,10.55,1,1
1,5/1/2015 0:08,5/1/2015 0:17,N,1,-73.99250793,40.57503128,-73.98606873,40.58862305,1,1.7,8.5,0.5,0.5,0,0,,0.3,9.8,2,1
1,5/1/2015 0:08,5/1/2015 0:16,N,1,-73.95142365,40.68054199,-73.97639465,40.68714523,1,1.3,7,0.5,0.5,1,0,,0.3,9.3,1,1
1,5/1/2015 0:09,5/1/2015 0:20,N,1,-73.99199677,40.69062805,-73.94996643,40.67622757,1,2.6,11,0.5,0.5,0,0,,0.3,12.3,2,1
1,5/1/2015 0:07,5/1/2015 0:27,N,1,-73.99441528,40.69457245,-73.98810577,40.72135925,2,2.8,15.5,0.5,0.5,0,0,,0.3,16.8,2,1
1,5/1/2015 0:07,5/1/2015 0:16,N,1,-73.95830536,40.71722794,-73.9515686,40.71096039,2,1.4,8,0.5,0.5,0,0,,0.3,9.3,2,1
2,5/1/2015 0:15,5/1/2015 0:17,N,1,-73.93210602,40.84867096,-73.92728424,40.8465004,1,0.22,3.5,0.5,0.5,0,0,,0.3,4.8,2,1
2,5/1/2015 0:13,5/1/2015 0:17,N,1,-73.88322449,40.74804688,-73.88071442,40.75014877,1,0.49,4.5,0.5,0.5,0,0,,0.3,5.8,2,1
2,5/1/2015 0:14,5/1/2015 0:16,N,1,-73.94815826,40.80888367,-73.93544769,40.80434418,1,0.69,4,0.5,0.5,0,0,,0.3,5.3,2,1
2,5/1/2015 0:13,5/1/2015 0:17,N,1,-73.94516754,40.80804825,-73.93774414,40.81819153,1,0.77,5,0.5,0.5,0,0,,0.3,6.3,2,1
2,5/1/2015 0:14,5/1/2015 0:18,N,1,-73.86968231,40.73354721,-73.86138153,40.73761368,1,0.65,5,0.5,0.5,1.58,0,,0.3,7.88,1,1
2,5/1/2015 0:13,5/1/2015 0:17,N,1,-73.95907593,40.71858215,-73.95396423,40.72943497,2,0.8,5,0.5,0.5,0,0,,0.3,6.3,2,1
2,5/1/2015 0:16,5/1/2015 0:18,N,1,-73.94517517,40.80853653,-73.94988251,40.81179428,1,0.37,4,0.5,0.5,0,0,,0.3,5.3,2,1
2,5/1/2015 0:15,5/1/2015 0:19,N,1,-73.93734741,40.8290062,-73.9386673,40.81125641,1,1.61,7,0.5,0.5,0,0,,0.3,8.3,1,1
2,5/1/2015 0:15,5/1/2015 0:19,N,1,-73.98714447,40.69245148,-73.98661041,40.70248032,1,0.71,4.5,0.5,0.5,1.16,0,,0.3,6.96,1,1
2,5/1/2015 0:15,5/1/2015 0:19,N,1,-73.98644257,40.66926575,-73.97650146,40.68219376,1,0,4.5,0.5,0.5,0,0,,0.3,5.8,2,1
2,5/1/2015 0:15,5/1/2015 0:20,N,1,-73.8441391,40.7211113,-73.82203674,40.71467209,1,1.47,7,0.5,0.5,1.66,0,,0.3,9.96,1,1
2,5/1/2015 0:19,5/1/2015 0:20,N,1,-73.95330048,40.79862595,-73.95491028,40.79977036,1,0.14,3,0.5,0.5,0,0,,0.3,4.3,2,1
2,5/1/2015 0:18,5/1/2015 0:20,N,1,-73.94465637,40.80736923,-73.9361496,40.80392838,1,0.45,4,0.5,0.5,0,0,,0.3,5.3,2,1
2,5/1/2015 0:14,5/1/2015 0:21,N,1,-73.94296265,40.80679703,-73.94522858,40.81839752,5,1.46,7.5,0.5,0.5,0,0,,0.3,8.8,2,1
2,5/1/2015 0:15,5/1/2015 0:21,N,1,-73.92749786,40.69267273,-73.90859985,40.6829834,1,1.4,7,0.5,0.5,0,0,,0.3,8.3,2,1
2,5/1/2015 0:15,5/1/2015 0:21,N,1,-73.84424591,40.72132874,-73.8633194,40.71069336,1,1.5,7,0.5,0.5,0,0,,0.3,8.3,2,1
2,5/1/2015 0:17,5/1/2015 0:20,N,1,-73.83036041,40.75951004,-73.83562469,40.7627449,1,0.76,5,0.5,0.5,0,0,,0.3,6.3,2,1
2,5/1/2015 0:14,5/1/2015 0:22,N,1,-73.98330688,40.67726517,-73.95578003,40.66926575,1,1.79,8.5,0.5,0.5,0,0,,0.3,9.8,2,1
2,5/1/2015 0:17,5/1/2015 0:22,N,1,-73.92645264,40.86582565,-73.92827606,40.85694122,1,1.04,5.5,0.5,0.5,0,0,,0.3,6.8,2,1
2,5/1/2015 0:19,5/1/2015 0:22,N,1,-73.92141724,40.76660156,-73.91278839,40.76508713,1,0.61,4.5,0.5,0.5,0,0,,0.3,5.8,2,1
2,5/1/2015 0:15,5/1/2015 0:23,N,1,-73.95801544,40.72180557,-73.95181274,40.71406555,1,1.11,7,0.5,0.5,1.66,0,,0.3,9.96,1,1
2,5/1/2015 0:12,5/1/2015 0:44,N,1,-73.96377563,40.68341064,-73.99136353,40.74956131,1,6.02,25.5,0.5,0.5,0,0,,0.3,26.8,2,1
2,5/1/2015 0:10,5/1/2015 0:49,N,1,-73.88847351,40.66395187,-73.88088989,40.64561844,1,5.73,21.5,0.5,0.5,0,0,,0.3,22.8,2,1
2,5/1/2015 0:09,5/1/2015 0:15,N,1,-73.83042145,40.75958633,-73.86218262,40.74996948,1,1.73,7.5,0.5,0.5,0,0,,0.3,8.8,2,1
1,5/1/2015 0:11,5/1/2015 0:29,Y,1,-73.96649933,40.80394363,-73.93294525,40.85258484,1,4.2,17,0.5,0.5,3.65,0,,0.3,21.95,1,1
1,5/1/2015 0:11,5/1/2015 0:34,N,1,-73.91472626,40.80900192,-73.91462708,40.80815506,4,0.1,13.5,0.5,0.5,0,0,,0.3,14.8,1,1
1,5/1/2015 0:11,5/1/2015 0:29,N,1,-73.85790253,40.88947296,-73.84166718,40.84101486,2,5.3,18,0.5,0.5,0,0,,0.3,19.3,2,1
1,5/1/2015 0:11,5/1/2015 0:19,N,1,-73.97640991,40.68720245,-73.97663116,40.67479706,1,1.4,7.5,0.5,0.5,0,0,,0.3,8.8,2,1
1,5/1/2015 0:10,5/1/2015 0:24,N,5,-73.90130615,40.85570908,-73.92745972,40.83198929,1,3.2,10,0,0,0,0,,0,10,2,2
1,5/1/2015 0:08,5/1/2015 0:34,N,1,-73.89095306,40.74685669,-73.95644379,40.73003769,1,8.3,27.5,0.5,0.5,0,0,,0.3,28.8,2,1
1,5/1/2015 0:09,5/1/2015 0:27,N,1,-73.96213531,40.71596527,-73.90484619,40.6959877,1,4,15.5,0.5,0.5,0,0,,0.3,16.8,2,1
1,5/1/2015 0:08,5/1/2015 0:57,N,1,-73.94180298,40.81778336,-73.94895935,40.64434433,1,16.5,51,1,0.5,10.55,0,,0.3,63.35,1,1
1,5/1/2015 0:09,5/1/2015 0:24,N,1,-73.99155426,40.67253876,-73.9692688,40.69020844,1,2.6,12,0.5,0.5,2.65,0,,0.3,15.95,1,1
1,5/1/2015 0:07,5/1/2015 0:11,N,1,-73.83045197,40.75939178,-73.82640839,40.75363159,1,0.5,4.5,0.5,0.5,0,0,,0.3,5.8,2,1
1,5/1/2015 0:07,5/1/2015 0:17,N,1,-73.95487976,40.69464493,-73.92385101,40.68772888,1,2.2,10,0.5,0.5,2.25,0,,0.3,13.55,1,1
1,5/1/2015 0:07,5/1/2015 0:29,N,1,-73.94234467,40.80652618,-73.99990082,40.73854446,1,7.7,25,0.5,0.5,5.25,0,,0.3,31.55,1,1
1,5/1/2015 0:07,5/1/2015 0:16,N,1,-73.97260284,40.69338608,-73.95288849,40.68447876,1,1.8,8,0.5,0.5,0,0,,0.3,9.3,2,1
2,5/1/2015 0:18,5/1/2015 23:26,N,1,-73.94528961,40.80820084,-73.96759796,40.80132675,1,1.78,8.5,0.5,0.5,0,0,,0.3,9.8,1,1
2,5/1/2015 0:15,5/1/2015 0:15,N,5,-73.95768738,40.72215271,-73.95800781,40.72172165,6,0,60,0,0,0,0,,0,60,2,2
2,5/1/2015 0:15,5/1/2015 0:16,N,1,-73.92972565,40.75658798,-73.92432404,40.75402451,1,0.34,3,0.5,0.5,0,0,,0.3,4.3,1,1
2,5/1/2015 0:13,5/1/2015 0:18,N,1,-73.93885803,40.75209808,-73.9254303,40.76179886,3,1.15,6,0.5,0.5,0,0,,0.3,7.3,2,1
2,5/1/2015 0:16,5/1/2015 0:19,N,1,-73.93938446,40.70498276,-73.93544006,40.69698334,1,0.76,5,0.5,0.5,1.26,0,,0.3,7.56,1,1
2,5/1/2015 0:15,5/1/2015 0:19,N,1,-73.95170593,40.69093323,-73.95042419,40.6710701,2,1.4,6,0.5,0.5,1,0,,0.3,8.3,1,1
2,5/1/2015 0:15,5/1/2015 0:19,N,1,-73.96018982,40.71554565,-73.94522858,40.71734238,1,0.9,5.5,0.5,0.5,1.36,0,,0.3,8.16,1,1
2,5/1/2015 0:13,5/1/2015 0:19,N,1,-74.00424194,40.65465927,-74.00784302,40.64547729,1,0.84,5.5,0.5,0.5,2,0,,0.3,8.8,1,1
2,5/1/2015 0:14,5/1/2015 0:19,N,1,-73.95237732,40.78981018,-73.94628143,40.7820282,1,1.09,6,0.5,0.5,1.7,0,,0.3,9,1,1
2,5/1/2015 0:14,5/1/2015 0:20,N,1,-73.89280701,40.74939346,-73.89279938,40.74939346,6,0.9,5.5,0.5,0.5,0,0,,0.3,6.8,1,1
2,5/1/2015 0:15,5/1/2015 0:20,N,1,-73.80706024,40.69991684,-73.78303528,40.68954849,1,1.84,7.5,0.5,0.5,2.2,0,,0.3,11,1,1
2,5/1/2015 0:17,5/1/2015 0:20,N,1,-73.84426117,40.72109985,-73.84926605,40.72180176,1,0.78,4.5,0.5,0.5,0,0,,0.3,5.8,2,1
2,5/1/2015 0:13,5/1/2015 0:21,N,1,-73.98033905,40.66054916,-73.98083496,40.6782608,1,1.79,8,0.5,0.5,0,0,,0.3,9.3,2,1
2,5/1/2015 0:14,5/1/2015 0:21,N,1,-73.84427643,40.72134781,-73.81865692,40.7276268,1,1.82,8,0.5,0.5,1,0,,0.3,10.3,1,1
2,5/1/2015 0:19,5/1/2015 0:21,N,1,-73.94815826,40.8297348,-73.94285583,40.83398819,1,0.45,4,0.5,0.5,0,0,,0.3,5.3,2,1
2,5/1/2015 0:19,5/1/2015 0:22,N,1,-73.96657562,40.80414581,-73.96160889,40.81100082,1,0.53,4,0.5,0.5,1.06,0,,0.3,6.36,1,1
2,5/1/2015 0:14,5/1/2015 0:21,N,1,-73.98664093,40.66879272,-74.00010681,40.64893723,1,1.78,8,0.5,0.5,1.86,0,,0.3,11.16,1,1
2,5/1/2015 0:18,5/1/2015 0:22,N,1,-73.91918182,40.75903702,-73.92060089,40.76776886,2,0.81,5,0.5,0.5,1.26,0,,0.3,7.56,1,1
2,5/1/2015 0:15,5/1/2015 0:22,N,1,-73.94654846,40.79757309,-73.95281219,40.78434753,1,1.56,7,0.5,0.5,0,0,,0.3,8.3,2,1
2,5/1/2015 0:15,5/1/2015 0:22,N,1,-73.93218231,40.84860229,-73.89057922,40.82040405,2,3.84,12.5,0.5,0.5,0,0,,0.3,13.8,2,1
2,5/1/2015 0:14,5/1/2015 0:22,N,1,-73.90346527,40.74582291,-73.89408875,40.73045349,2,1.64,7.5,0.5,0.5,0,0,,0.3,8.8,2,1
2,5/1/2015 0:10,5/1/2015 0:36,N,1,-73.95717621,40.71830368,-73.98207092,40.73845291,3,7.64,26.5,0.5,0.5,0,0,,0.3,27.8,1,1
2,5/1/2015 0:11,5/1/2015 0:39,N,1,-73.9919281,40.6905098,-73.97872162,40.74048615,2,5.2,22,0.5,0.5,6.99,0,,0.3,30.29,1,1
2,5/1/2015 0:11,5/1/2015 0:39,N,1,-73.95772552,40.72212219,-73.98807526,40.74372864,1,4.87,21,0.5,0.5,4.46,0,,0.3,26.76,1,1
2,5/1/2015 0:10,5/1/2015 1:03,N,1,-73.9630127,40.7150116,-73.93933105,40.80176163,1,9.49,37,0.5,0,9.38,0,,0,46.88,1,2
2,5/1/2015 0:12,5/1/2015 0:16,N,1,-73.89112091,40.74654007,-73.88414764,40.75399017,1,0.91,5,0.5,0.5,0,0,,0.3,6.3,2,1
1,5/1/2015 0:12,5/1/2015 0:23,N,1,-73.95324707,40.73391342,-73.94150543,40.70900726,1,1.9,9.5,0.5,0.5,2.15,0,,0.3,12.95,1,1
1,5/1/2015 0:11,5/1/2015 0:14,N,1,-73.97438049,40.68615341,-73.96595001,40.6844368,2,0.6,4.5,0.5,0.5,0,0,,0.3,5.8,2,1
1,5/1/2015 0:10,5/1/2015 0:15,N,1,-73.94218445,40.82270813,-73.95111847,40.81401825,1,1.1,6,0.5,0.5,0,0,,0.3,7.3,2,1
1,5/1/2015 0:09,5/1/2015 0:15,N,1,-73.98466492,40.70404816,-73.99211884,40.69276047,1,1.3,6.5,0.5,0.5,1.55,0,,0.3,9.35,1,1
1,5/1/2015 0:09,5/1/2015 0:33,N,1,-73.97705078,40.68688965,-73.9018631,40.66135406,1,5.3,20,0.5,0.5,4.25,0,,0.3,25.55,1,1
1,5/1/2015 0:09,5/1/2015 0:22,N,1,-73.94469452,40.71453476,-73.99208069,40.69955063,1,3.7,13.5,0.5,0.5,2.95,0,,0.3,17.75,1,1
1,5/1/2015 0:07,5/1/2015 0:24,N,1,-73.90971375,40.69019318,-73.88468933,40.65110016,1,3.6,15,0.5,0.5,0,0,,0.3,16.3,3,1
1,5/1/2015 0:07,5/1/2015 0:13,N,1,-73.91207886,40.84349823,-73.92113495,40.84851837,1,1.1,6,0.5,0.5,0,0,,0.3,7.3,2,1
1,5/1/2015 0:07,5/1/2015 0:28,N,1,-73.96620941,40.58553314,-73.99131012,40.57673264,1,2.2,15,0.5,0.5,3.25,0,,0.3,19.55,1,1
1,5/1/2015 0:07,5/1/2015 0:08,N,1,-73.98154449,40.57682419,-73.97923279,40.57941055,1,0.3,3,1,0.5,0,0,,0.3,4.8,2,1
1,5/1/2015 0:07,5/1/2015 0:14,N,1,-73.92250061,40.68976974,-73.95095062,40.68729782,1,1.6,7.5,0.5,0.5,1.75,0,,0.3,10.55,1,1
2,5/1/2015 0:13,5/1/2015 0:13,N,5,-73.91347504,40.83931351,-73.9134903,40.83931351,1,0,80,0,0,0,0,,0,80,2,2
2,5/1/2015 0:13,5/1/2015 0:15,N,1,-73.94920349,40.80190277,-73.95085907,40.80083847,1,0.34,3.5,0.5,0.5,0,0,,0.3,4.8,2,1
2,5/1/2015 0:13,5/1/2015 0:16,N,1,-73.95146179,40.7432785,-73.95198822,40.73257065,5,0.75,5,0.5,0.5,0,0,,0.3,6.3,2,1
2,5/1/2015 0:16,5/1/2015 0:17,N,1,-73.9665451,40.80422211,-73.96443176,40.80726624,1,0.25,3,0.5,0.5,0.86,0,,0.3,5.16,1,1
2,5/1/2015 0:17,5/1/2015 0:17,N,5,-73.69543457,40.8471756,-73.69544983,40.84718704,1,0,60,0,0,0,0,,0,60,1,2
2,5/1/2015 0:14,5/1/2015 0:17,N,1,-73.92481995,40.8272934,-73.91737366,40.8311615,1,0.68,4.5,0.5,0.5,0,0,,0.3,5.8,2,1
2,5/1/2015 0:13,5/1/2015 0:18,N,1,-73.95614624,40.81297684,-73.93799591,40.80869675,1,1.25,6.5,0.5,0.5,0,0,,0.3,7.8,1,1
2,5/1/2015 0:13,5/1/2015 0:19,N,1,-73.98733521,40.69165039,-73.97718048,40.6965065,2,0.92,6,0.5,0.5,0,0,,0.3,7.3,1,1
2,5/1/2015 0:15,5/1/2015 0:19,N,1,-73.84462738,40.72207642,-73.82779694,40.72940445,1,1.37,6.5,0.5,0.5,0,0,,0.3,7.8,2,1
2,5/1/2015 0:20,5/1/2015 0:20,N,5,-73.93123627,40.85487366,-73.93123627,40.8548584,1,0,17.8,0,0,2.5,0,,0,20.3,1,2
2,5/1/2015 0:15,5/1/2015 0:21,N,1,-73.95365906,40.7906723,-73.94638824,40.78034973,1,1.11,6,0.5,0.5,1.46,0,,0.3,8.76,1,1
2,5/1/2015 0:13,5/1/2015 0:21,N,1,-73.89587402,40.73531723,-73.88637543,40.75918961,1,2.4,9.5,0.5,0.5,2.16,0,,0.3,12.96,1,1
2,5/1/2015 0:13,5/1/2015 0:22,N,1,-73.93335724,40.85531235,-73.94764709,40.83044815,1,1.91,9,0.5,0.5,0,0,,0.3,10.3,1,1
2,5/1/2015 0:15,5/1/2015 0:21,N,1,-73.89291382,40.74887848,-73.91234589,40.76721191,1,2.06,8.5,0.5,0.5,0,0,,0.3,9.8,2,1
2,5/1/2015 0:15,5/1/2015 0:22,N,1,-73.92333984,40.75501633,-73.91426086,40.77153015,1,1.67,7.5,0.5,0.5,0,0,,0.3,8.8,2,1
2,5/1/2015 0:15,5/1/2015 0:22,N,1,-73.95504761,40.71986389,-73.96751404,40.7111969,1,1.15,6.5,0.5,0.5,1.56,0,,0.3,9.36,1,1
2,5/1/2015 0:13,5/1/2015 0:23,N,1,-73.94218445,40.83786774,-73.92268372,40.86815643,1,2.46,10,0.5,0.5,2.26,0,,0.3,13.56,1,1
2,5/1/2015 0:19,5/1/2015 0:23,N,1,-73.95980835,40.7201767,-73.96366882,40.71302795,1,0.65,4.5,0.5,0.5,1.45,0,,0.3,7.25,1,1
2,5/1/2015 0:19,5/1/2015 0:23,N,1,-73.84283447,40.84019089,-73.84436798,40.85098267,1,0.87,5,0.5,0.5,1.26,0,,0.3,7.56,1,1
2,5/1/2015 0:17,5/1/2015 0:23,N,1,-73.89103699,40.74689102,-73.88641357,40.75919342,1,1.17,6.5,0.5,0.5,1.56,0,,0.3,9.36,1,1
2,5/1/2015 0:19,5/1/2015 0:23,N,1,-73.97877502,40.6838913,-73.98332214,40.67721176,1,0.51,4.5,0.5,0.5,0,0,,0.3,5.8,2,1
2,5/1/2015 0:11,5/1/2015 0:35,N,1,-73.88373566,40.74757767,-73.86540222,40.67905807,1,6.25,22,0.5,0.5,4.66,0,,0.3,27.96,1,1
2,5/1/2015 0:07,5/1/2015 0:38,N,1,-73.95772552,40.73064804,-73.96128845,40.63651276,1,11.23,35,0.5,0.5,9.08,0,,0.3,45.38,1,1
2,5/1/2015 0:10,5/1/2015 0:41,N,1,-73.95806885,40.72200394,-73.94281006,40.78584671,1,8.27,27,0.5,0.5,5.66,0,,0.3,33.96,1,1
2,5/1/2015 0:12,5/1/2015 1:01,N,1,-73.96822357,40.67961884,-73.97664642,40.75220871,1,8.54,36.5,0.5,0.5,7.56,0,,0.3,45.36,1,1
1,5/1/2015 0:12,5/1/2015 0:19,N,1,-73.89093018,40.74650574,-73.87408447,40.76709747,1,2.9,10.5,1,0.5,0,0,,0.3,12.3,2,1
1,5/1/2015 0:10,5/1/2015 0:13,N,1,-73.94537354,40.80780411,-73.93877411,40.81680679,1,0.7,4.5,0.5,0.5,0,0,,0.3,5.8,2,1
1,5/1/2015 0:10,5/1/2015 0:22,N,1,-73.92115784,40.70723724,-73.94994354,40.67583084,1,3.5,12.5,0.5,0.5,0,0,,0.3,13.8,1,1
1,5/1/2015 0:10,5/1/2015 0:12,N,1,-73.95989227,40.71398163,-73.96315765,40.71660614,1,0.3,4,0.5,0.5,0.5,0,,0.3,5.8,1,1
1,5/1/2015 0:09,5/1/2015 0:17,N,1,-73.97738647,40.68379593,-73.96111298,40.66104126,1,1.8,8,0.5,0.5,0,0,,0.3,9.3,2,1
1,5/1/2015 0:09,5/1/2015 0:14,N,1,-73.9924469,40.68956757,-74.00879669,40.67500687,1,1.7,6.5,0.5,0.5,0,0,,0.3,7.8,2,1
1,5/1/2015 0:09,5/1/2015 0:29,N,1,-73.97930908,40.68327332,-73.99172211,40.74910736,1,5.4,19.5,0.5,0.5,0,0,,0.3,20.8,2,1
1,5/1/2015 0:09,5/1/2015 0:09,N,1,-73.8724823,40.74876022,0,0,1,0,3,0.5,0.5,0,0,,0.3,4.3,2,1
1,5/1/2015 0:07,5/1/2015 0:16,N,1,-73.98167419,40.57690048,-73.99964142,40.57506561,2,2.1,9.5,0.5,0.5,0,0,,0.3,10.8,2,1
1,5/1/2015 0:07,5/1/2015 0:12,N,1,-73.91186523,40.77537918,-73.92499542,40.76257706,1,1.1,6,0.5,0.5,0,0,,0.3,7.3,2,1
1,5/1/2015 0:07,5/1/2015 0:29,N,1,-73.95489502,40.80508804,-73.78983307,40.71442413,1,13.9,39.5,0.5,0.5,0,5.54,,0.3,46.34,1,1
1,5/1/2015 0:07,5/1/2015 0:24,N,1,-73.986763,40.70205688,-73.91540527,40.70458221,1,5.4,18,0.5,0.5,3.85,0,,0.3,23.15,1,1
2,5/1/2015 0:13,5/1/2015 0:14,N,1,-73.98747253,40.69412231,-73.98717499,40.69462585,1,0.06,3,0.5,0.5,0,0,,0.3,4.3,2,1
2,5/1/2015 0:16,5/1/2015 0:38,N,1,-73.92340851,40.81686783,-73.92182159,40.7416687,1,7.15,23,0.5,0.5,5.97,5.54,,0.3,35.81,1,1
2,5/1/2015 0:13,5/1/2015 0:17,N,1,-73.94208527,40.75430679,-73.93061829,40.76771164,1,1.15,5.5,0.5,0.5,0.48,0,,0.3,7.28,1,1
2,5/1/2015 0:13,5/1/2015 0:18,N,1,-73.91145325,40.84423447,-73.90398407,40.85503769,1,0.95,5.5,0.5,0.5,0,0,,0.3,6.8,2,1
2,5/1/2015 0:14,5/1/2015 0:18,N,1,-73.96448517,40.80732346,-73.97200775,40.79893875,1,0.76,5,0.5,0.5,1.26,0,,0.3,7.56,1,1
2,5/1/2015 0:13,5/1/2015 0:19,N,1,-73.95328522,40.6804924,-73.95037079,40.67183304,5,0.78,6,0.5,0.5,0,0,,0.3,7.3,2,1
2,5/1/2015 0:16,5/1/2015 0:19,N,1,-73.93520355,40.69710159,-73.94522858,40.70265961,1,0.65,4.5,0.5,0.5,0,0,,0.3,5.8,1,1
2,5/1/2015 0:14,5/1/2015 0:19,N,1,-73.94527435,40.69009781,-73.93936157,40.67805099,1,1.11,5.5,0.5,0.5,0,0,,0.3,6.8,2,1
2,5/1/2015 0:15,5/1/2015 0:19,N,1,-73.95677948,40.80233765,-73.96357727,40.8030014,2,0.47,4.5,0.5,0.5,1.8,0,,0.3,7.6,1,1
2,5/1/2015 0:15,5/1/2015 0:20,N,1,-73.92301941,40.75562668,-73.92886353,40.766922,2,1.18,6,0.5,0.5,1.82,0,,0.3,9.12,1,1
2,5/1/2015 0:13,5/1/2015 0:20,N,1,-73.91365051,40.76550674,-73.9265213,40.76556778,1,1.49,7,0.5,0.5,0,0,,0.3,8.3,2,1
2,5/1/2015 0:13,5/1/2015 0:20,N,1,-73.97541809,40.68712616,-73.9569397,40.67338562,2,1.7,7.5,0.5,0.5,1.76,0,,0.3,10.56,1,1
2,5/1/2015 0:16,5/1/2015 0:20,N,1,-74.02664185,40.63851166,-74.02890015,40.6285553,1,0.91,5,0.5,0.5,0,0,,0.3,6.3,2,1
2,5/1/2015 0:17,5/1/2015 0:21,N,1,-73.91906738,40.75887299,-73.90558624,40.76596832,5,1.13,5.5,0.5,0.5,0,0,,0.3,6.8,2,1
2,5/1/2015 0:18,5/1/2015 0:21,N,1,-73.96552277,40.80576324,-73.9605484,40.81157303,1,0.5,4,0.5,0.5,1.32,0,,0.3,6.62,1,1
2,5/1/2015 0:15,5/1/2015 0:20,N,1,-73.89065552,40.74682236,-73.89583588,40.7557106,3,0.97,6,0.5,0.5,2.19,0,,0.3,9.49,1,1
2,5/1/2015 0:17,5/1/2015 0:22,N,1,-73.96527863,40.71096039,-73.95729828,40.72218323,1,0.96,5.5,0.5,0.5,1.36,0,,0.3,8.16,1,1
2,5/1/2015 0:15,5/1/2015 0:21,N,1,-73.94429016,40.80929565,-73.92559052,40.80978775,1,1.44,7,0.5,0.5,0,0,,0.3,8.3,2,1
2,5/1/2015 0:15,5/1/2015 0:18,N,1,-73.95262909,40.71425629,-73.94389343,40.71889114,1,0.58,4.5,0.5,0.5,0,0,,0.3,5.8,1,1
2,5/1/2015 0:19,5/1/2015 0:22,N,1,-73.93801117,40.74873734,-73.93104553,40.75178909,1,0.25,4,0.5,0.5,0,0,,0.3,5.3,2,1
2,5/1/2015 0:14,5/1/2015 0:22,N,1,-73.90340424,40.74580765,-73.91231537,40.72541809,1,1.81,8.5,0.5,0.5,0,0,,0.3,9.8,2,1
2,5/1/2015 0:19,5/1/2015 0:23,N,1,-73.92144012,40.76656342,-73.90996552,40.7660408,2,0.81,5,0.5,0.5,0,0,,0.3,6.3,2,1
2,5/1/2015 0:13,5/1/2015 0:23,N,1,-73.95163727,40.74315262,-73.92663574,40.75938797,2,2.31,10,0.5,0.5,2.26,0,,0.3,13.56,1,1
2,5/1/2015 0:18,5/1/2015 0:23,N,1,-73.86128235,40.75789642,-73.87322998,40.75309753,1,1.08,5.5,0.5,0.5,0,0,,0.3,6.8,2,1
2,5/1/2015 0:19,5/1/2015 0:23,N,1,-73.95259857,40.8106575,-73.93803406,40.81297302,1,1.24,5.5,0.5,0.5,0,0,,0.3,6.8,2,1
2,5/1/2015 0:20,5/1/2015 0:23,N,1,-73.83055115,40.7596817,-73.8261795,40.74620819,2,0.98,5,0.5,0.5,0,0,,0.3,6.3,2,1
2,5/1/2015 0:18,5/1/2015 0:23,N,1,-73.95413971,40.80625534,-73.95788574,40.81518173,1,0.78,5.5,0.5,0.5,0,0,,0.3,6.8,2,1
2,5/1/2015 0:17,5/1/2015 0:24,N,1,-73.96245575,40.80500412,-73.94942474,40.79715347,1,1.4,7,0.5,0.5,0,0,,0.3,8.3,2,1
2,5/1/2015 0:13,5/1/2015 0:23,N,1,-73.88134003,40.88118362,-73.91016388,40.87773514,5,2.31,10.5,0.5,0.5,0,0,,0.3,11.8,2,1
